0.969486823758185;-1.25664408751524
1.9673921136454;-0.677440791579782
0.887235428411002;1.19897554421939
0.0305717163320476;-1.26775669063564
0.950535457393382;-1.54762423898596
-0.577324036123587;-0.582896003434593
0.722266511640064;0.310088678764935
0.619736566571987;-0.707117833158074
0.0210274564795467;-1.11951351342255
0.275133268058255;-1.68138049952249
-1.41909684303279;0.0992374875917772
-1.78314548407265;0.0510217460746441
-0.620273343238777;-0.443195741037289
0.509069991390301;-1.08038772945936
-1.75474909848307;0.383162742694547
-1.4964435273415;-0.783582490874741
0.29948318693841;-1.0164029285419
-0.314722425069462;0.317938669324913
0.937091895105376;-0.710239846706295
1.47250515085516;1.00156371455032
-0.86168886990938;-0.0977140291946162
0.968835780199706;-1.45551747486662
1.05633787389124;-0.258300010142292
0.191533296517647;-0.0769355467461377
-0.711212305518316;-0.669040336182379
-0.735490397526501;-1.31400459759461
-0.081511791861392;-0.186422792466979
-0.868623251392813;0.0499032341722224
-1.41019876037258;0.742461900388032
1.80082857979476;0.947596164064671
-1.93015416475622;-1.59500264346416
1.01350636847509;-1.36190804585366
1.47546535361726;1.35342530886085
-0.280399563334501;-2.17050373481504
-0.942045339280779;-1.12101988950485
-0.419759530558929;-0.908951357392317
-1.57868635131738;-0.31726155465605
1.12057600991525;1.18563664419897
-0.464962408451009;-0.257437050019479
-1.08850385610138;-1.98412673970906
-0.403880901454804;-1.40560706972564
1.81928362910288;1.31349851442252
-0.0437475486646631;0.701876889444945
0.832265995272172;-1.12326324688042
0.1880188863546;1.37557716335543
0.270577674176861;-0.947373708383911
-0.423050001557221;-1.31072183061306
-0.358347318266555;0.431673927443001
-1.08540939022575;1.80142837264725
-0.510242615846701;-0.709206222410502
1.03061426381087;0.512702299799226
0.606424321666568;-0.128266173940485
2.20598519402019;1.23095340679593
-0.629281060741719;1.01905702226811
1.09813034744217;-1.23615796721021
0.353395047894704;2.37284328870673
-0.130804638158358;0.677588323301267
-1.98674002452626;0.216533010321209
-0.0770727836095429;0.628930668531472
-1.65245203712117;-0.930099244913789
1.60613136962926;0.603373125113567
-1.18723548259209;-0.359248116333137
0.673761226127439;-1.88126957090916
-2.06318983107555;0.952588415101242
2.1370403881289;-0.264445809041945
-0.387451843733197;1.39553385193957
0.134920550745916;0.252990390614295
-1.17350335241048;0.170992353710843
0.461763164984889;-1.5462703914211
-0.604045945126023;-0.562829785152997
-0.520929909379487;-0.297512663705445
0.861075490502012;-0.190051967203625
0.469540705137521;2.34164108087533
-2.10236289524943;0.0813778265413857
-1.03011472531969;0.608060092933042
1.55361484421187;-0.794008968044276
-0.769053289046006;0.668597408602148
0.651557257457803;-0.414297442219869
0.150135222013202;0.326200972039406
-0.930025664726368;1.76151969218072
1.45352264984894;-1.21952332970225
-0.0540231940612364;1.85611241034336
1.03336080766646;-1.17823603724329
-0.883336929721165;1.96072886790164
-0.474706944756452;0.91324458216456
-1.0437231136802;-0.592410657475513
-0.587463070851676;1.23376387927712
-1.34070351105324;0.183041486818901
0.597581055123111;-1.91924005869085
-0.266353466290503;-0.525581145280309
-0.805641211199393;-0.369647715419369
0.538285969492878;0.334361263233679
-0.505594080447323;0.139957723849989
-1.01126760391746;-0.731725367185173
1.20677369356526;1.06429804343372
0.939011221180679;-1.19116144050527
1.19150701581056;-0.119829668438775
-1.28339702216994;0.0183539652794406
-0.815293042501262;-0.485235615788443
-1.95896826021552;0.503013634429027
0.872203062338937;0.857193918544913
0.940437537298558;0.767147424741426
0.577338141942935;0.102686585901828
0.144611381726861;0.301557918223139
-0.278656318649735;0.249028294932792
1.02392049304007;-0.226392706594345
-0.492521719684658;-1.15266674708625
-1.42056638109437;-1.76342033325094
0.479428621973858;0.482259198752558
-0.41279482072669;0.070763413548689
-0.310394240776327;-0.782805666055868
-1.54416306977163;-0.523802186518862
-0.439380172366486;-0.120941992403747
0.417812036764862;1.03365345576315
0.564678773648816;0.110782248280493
-0.160710275075746;-0.563569003544707
0.65741055476711;1.04590643687074
-1.20092064843804;-0.875901944167263
1.31015393847547;-0.0631149158832835
-0.21746574767974;1.18182638081846
-0.603870337349971;1.14384051939262
0.447001422674253;-1.45144072025404
1.10648065858041;0.551053717079098
-0.801149592765627;-0.153610954449768
0.810046240620404;-0.103488766448894
1.25936994545725;0.384424599959587
0.132503650423469;-0.378672023350513
1.4999199990155;1.01644027374395
0.758184517959164;-1.45121898694745
-0.468590361058417;0.340873815221233
-0.823440240312153;0.258891092990435
-0.532500571171593;-1.28316637037425
-1.09264603375137;-1.04530093464111
0.017218723785387;0.612673414898622
1.26972394538645;0.239643888504175
0.844231355154845;-9.6808644582674e-05
-1.75279779871362;0.29226469035756
0.566612895099798;-1.08232103780156
0.64223297241577;-0.236610062453689
-1.52514031397164;1.23908724882144
0.924336939502812;-0.701938568150068
-1.62099280289011;-0.704983116160919
1.9199830810178;0.525670703002365
-2.34082620005539;0.290070288272144
0.165534197362299;0.6694256912497
0.668625716250673;1.3148793754637
-0.344554321216727;-0.291950854942612
-0.961742351850964;0.653751193050507
-0.209847790761338;1.1743005955313
2.38376612741365;0.0612126903183196
0.0529249421753151;-0.873271791157704
-1.42636740937068;-1.17906616495354
-0.0243942615851244;1.37100460654138
-0.442764900286177;0.168906770343978
0.416541889067649;-0.713806332962031
-0.930275740286099;0.516887606174512
0.921929650237453;0.290804380013316
1.50985509356658;0.105659850822585
-2.69340225640386;-1.10602949164935
-0.458496329550004;-1.06117512188352
0.400802827397558;1.18285893861646
-1.18042484326592;0.941804895495394
0.871575796438033;-0.513721239061072
1.33157788599821;0.283818854031665
0.410672647495887;0.349882264437949
0.343582196472938;-1.58638574227396
0.269660939297983;-1.16142802396453
-0.451902304309977;-0.288688380068594
-0.0186516465554781;-0.0546372322211994
0.0667089100608897;-1.20721065823328
-1.24164627560108;0.593089516602297
0.349255823168209;1.78384080064091
1.23017903482711;0.738590867247132
0.301636572550453;0.293457354112738
-2.46643114454902;-0.227198674243023
-1.05777678825069;-0.274871730827645
2.42137820016657;0.115699455609725
0.994694673817852;1.02977176309131
-1.1438222706165;0.0121333372471889
-0.412005357333338;-0.276323732803098
-0.086973335264314;1.07779337125187
-1.06007707433486;-0.625710196893929
1.21754237676606;1.26787923249146
-0.813717079016429;0.8866477086346
-0.953516706882548;-1.34204257247019
0.172929390596418;-1.76299108976103
-1.36013145225776;-0.878332759016495
0.105711661748131;0.533473446103495
-1.71279558049496;1.4920539645389
1.39814786795141;1.51920031484911
0.357538624051257;-0.0489931351550577
-2.17040973450216;-0.0247221795053929
-1.49843175886861;-0.321422283678342
-1.39223964147529;0.170466357803282
-0.913488169780009;0.0237812374439704
-0.0707422958937753;-0.912195877912407
-0.43755156780267;0.110905211274306
0.00595642948520594;-3.10455479497746
-0.220334171449163;-0.730555857619912
-0.737346073026963;-0.333348664767782
-1.07283721575248;-0.194713498508411
1.725561867175;-0.190843629926448
0.432066598380566;-0.187471499140971
-0.492095790737922;0.00803106495371003
0.00640355290608313;0.640727582488651
0.287430532297044;-1.431797683122
0.509977886924559;-1.21070891477276
0.0538393028194988;0.957683995038811
-0.594426002618426;-0.126917760344889
-0.359744884374174;-1.74007694649286
0.155889316832972;-1.56679361166734
1.3124015678625;-0.140914408755391
0.588918552725243;1.54161040952799
-1.8445726956391;0.0987076129927048
-0.452395337072254;-1.94740621701291
-0.20400084935563;-0.739381408207678
-0.0837112799647597;1.25305884254008
1.61689681266676;1.21197004362652
-0.0428833115888452;-0.533517653863971
-0.243294647787019;2.16147062576364
0.137251555047843;-0.802551471222561
-0.194507837574637;1.15714345894189
-1.02174212385613;1.95818975347011
0.790019168833392;-0.0163743287360423
0.688440109268802;1.47755931517417
1.24306131582474;0.247069179544256
-2.08711993749193;0.826486909335092
-0.359936685470047;0.725135276083642
-0.861280364213948;-0.642338188297215
-0.0955499456828725;0.442370668380489
-0.104022423336221;1.79160332877773
0.621441274338038;-1.92906861980683
-1.85311433049478;1.17181542721946
-0.630119138160614;0.173536274360073
-0.318538083352531;1.675371755451
-1.58774186823711;-0.387144416922252
0.0703469390648954;0.337328587992419
-1.91610296758412;0.709335619870524
0.690769719037166;-0.603288412846866
-0.454752692193379;1.3122903064743
-0.0260272294169121;-0.629944811397765
0.706953804137995;1.97967664585303
1.38193106558394;-0.841339270014703
-0.44269945124107;0.338065782427498
-0.229143244043196;-1.68093136615715
1.7906842377376;1.14699465914993
1.18090137458577;1.12136216961441
0.0489557318258313;-0.673719767179924
1.13674741144826;2.7362070592695
0.96468938717491;0.560727090097216
-1.37649914258495;-0.782729971086448
1.75049246554619;-2.41820500436053
-0.792046481059391;-0.490588886831649
-0.879434102054675;-0.151797825208342
-0.709749127051314;-2.130611442409
-1.50930723832862;-0.00368199983563947
-0.875258709429658;0.434535857785396
-1.14887881078947;0.135010120482523
0.373800012646863;0.85936722657745
0.432590394157264;-0.487227743459062
1.20434667015758;-0.198462578632937
-0.117444728869886;-1.3284883510415
1.55947850332517;-1.78053292368274
-0.457817431432014;0.616482797879664
0.986984778044396;0.127998107654464
-1.40075204841393;-0.612329228332147
-0.437251108897932;-2.62298236277985
-0.170252194495555;1.75702287919207
-2.22290145160143;-0.0644745519898645
0.487395196060762;-0.692469299518901
-1.53298661108896;-0.778199686355073
0.129253743852318;-0.283908317136689
0.933722984502642;-1.71251097071188
0.531074631114463;0.111170391423982
-1.20643837282514;-0.732793913379182
-1.03375674509429;-0.235206973017488
-0.451059223933979;-0.346394504052947
0.986690390853698;-0.106365019238379
0.912368082006374;1.17588517045128
-1.71591092342408;1.75852632485079
0.225131133391908;-1.34695904596329
-0.460844756171393;1.17531849556239
-0.711579299002399;-0.822521532096961
-1.76138029501368;0.216865708285231
-0.27407179473518;-0.153329151362759
0.131102953685013;-2.32144102852201
0.892987975302781;-2.38305676276503
0.63678463693021;0.643915002149683
-1.32183487844133;0.260746122206501
0.378906886886027;-0.112159753736852
0.927370859404926;-0.873527043793427
0.334523601224152;-1.1018619540285
-0.0629164730168885;-0.449996355229321
-0.360026705674138;-0.445717762817462
-0.0281331456912133;-0.296349723152789
-0.166020900362123;0.331790091295618
0.155448787800733;1.14830736053153
-0.0310594467552123;-0.0192225225659426
-2.11423063225579;0.366322516499289
-0.565309511401838;1.19330734600686
1.08051744049762;0.759800872437944
-1.32967689812716;0.532407533480562
1.18086705597689;-0.183481070679219
1.44337786522515;1.10578861708949
-1.82641732792542;0.235471141730787
-0.609648260819499;1.19251857823533
-0.670976699913746;0.470441594127248
-0.76877841356922;0.261775740041385
0.304087294194425;0.249630360209234
0.524116902722955;-0.295158311269763
-0.142299427835394;-2.35963257868844
-1.95422964736283;0.764040501630416
0.300862651413349;0.274467809333521
0.476245134672079;-1.40293837944694
0.143786800486806;0.659256609451535
0.319686348545236;-0.43150844355092
0.639263058798919;-0.670102084354058
0.194807637024429;0.0738159917624172
1.3915253065137;0.510235622351797
0.607268654491634;2.37507830628297
1.25979089086815;0.286371894174765
-0.830415668023618;-2.37495463411914
-0.87333356004863;-0.125379581071361
-0.423522987724985;-0.941620007406029
0.939137235565609;-2.94090200362655
2.02765759691105;0.35661534614063
0.889233280503453;-0.254815815353577
-0.687027334930959;0.599153205767926
-0.413235149446739;0.225316352915388
0.368834454435536;0.510522380441606
0.305588485872494;-0.753465642406102
0.704179901248591;0.435764716965484
-0.344072301482812;-2.39647808889876
0.835181449947574;1.05672345912984
-0.707953947076893;0.78130096945105
-1.08448394357469;-0.307943312975237
-0.438513876652491;-0.864405122100865
0.677722437672216;0.258795887224348
-0.00331689887571792;-0.277918823551098
-0.3158296471302;-0.221921743708329
0.74607163340722;0.560087683942535
0.773974061284727;-0.81703403980304
-2.71683387939323;1.30788530281921
-0.00949261100778336;-0.144900947857417
0.450884906367904;1.55679891800379
-0.446487619592362;0.598203693121155
-0.0727148697036055;-1.227135265812
0.487973949453018;0.874252972547391
0.479978724894482;1.04021128351333
0.32438630608675;-1.02812118351982
-0.26770396182801;2.29493920674281
0.960838039189847;1.08083736232328
0.800557651881242;0.860821728507031
-0.925955215138713;-0.843035455223015
0.0761432042676555;0.0197956317525443
-0.526697170272742;-0.628693906233325
-0.16509707270465;0.927823774651876
1.35491074624987;-1.36527862744353
1.69951680152797;-1.06864580593414
-0.0342495135288293;1.32499229400888
0.572512245021667;0.413951168350535
-0.0979980157789862;0.583638018967233
0.653079827026998;1.84293573178809
-0.151818189317358;1.96132980439227
0.418606376005344;0.341112591220981
-0.410364553429094;0.428554570961125
-1.14831592199781;0.319864616198177
0.37190700124807;-0.00271844202815301
-0.975841869683053;-0.502590195330327
0.552549342750243;-0.651954594844862
-1.21438934450594;-1.81934851404889
-1.35008291636327;-0.433324511555937
-1.45547791446608;-0.298700571614497
-2.45615832340599;-0.567594221558577
0.125137602325613;1.1959519030884
2.53303693465394;0.754498880526825
1.54508353118873;-1.91454839760208
-0.533493376349113;0.461313365542346
1.24835605641077;-1.04794420109537
-1.15311890797025;1.29072226458702
-0.317566959441579;-0.97525560095157
1.45657104179295;-0.522033080557423
-0.635923995500816;-1.25980916098821
-0.819275971385167;0.702799945000287
0.661589913840467;-0.195731234602415
0.543829785520058;0.619849386988293
-0.525795752458365;-2.54647072076465
0.415516778317215;-0.886149733214386
-0.924578589937485;0.448379796098889
0.207703594585887;-0.610435376160373
-0.171903052539115;-0.385353574819477
0.751473578917958;1.94555432541028
-1.31596833175603;-1.44503429649117
1.01874696439652;-0.0977930596114406
0.41335752394958;-0.276369046319159
0.436508259207101;1.30301234799438
-0.526452199651573;-1.13627538712381
1.35331583134957;0.680797296717462
0.061678827767979;0.342105378902304
0.76719393556843;0.909414716571581
-0.857156433197279;-1.36169217739292
1.50018332057385;-0.566388498513585
0.60415497108736;2.29902388596739
-0.696195355651487;0.762751670155871
-0.542849018724636;-0.515333700699063
-0.746686176598161;2.14724803206408
0.824027909486892;0.842320421888024
1.75124595241856;-0.138258408556907
-0.312895168979168;0.547307840682331
1.59769721436123;-1.08994545918335
-0.730495575037794;0.0450908743355037
-1.16078958459366;0.0264612121688352
0.0442268615476693;-1.49081722581007
-0.500467388316948;-0.68915771040682
0.338135186417148;-0.304641617245796
0.398417003442204;0.391390933854217
-0.109432537915012;-0.268770861059792
-0.705313577699605;-1.74561921051112
1.14258803861978;-0.957094830960962
-2.44183707998133;-0.735099618148782
-1.69996581244395;0.285231348895962
-0.0303852685637545;-0.307596656141664
0.828994918601609;1.81562909872567
0.670815117197985;-0.917958362998254
-1.49068226719037;-1.83582894748293
0.249089924135006;-0.351138707859546
-0.47812718716019;-0.772988982263398
-0.625406108200682;1.41043482396648
1.21590301180022;1.06438907291113
0.621318359238667;1.13268147272399
0.503732269216068;-0.513816754228919
2.72757050088935;-0.827351858104442
-0.676889059213009;-0.108056184561499
-0.205779948317676;1.09261794142599
-2.40452219455895;0.898297561312121
-1.32068414878805;-0.130610142381693
1.28146093935746;-0.872617085842797
-0.506610478836799;-0.458577687892092
-0.494652371392294;-0.74918779652147
-0.540273532397745;-0.33866635954399
0.941024870589711;0.772769388454618
0.876071012044164;-0.502464648717561
-1.37488896440384;0.640457852857766
1.79715033294928;0.781489752524128
-0.800660080679844;-0.458153472354442
-2.29301558530311;0.845855321940486
0.549059427206086;-0.178138962387509
-0.262111532157795;0.55172562686016
1.02687039960462;-0.714944949454895
-0.148061339630499;0.421909371360787
-0.618246234022912;-0.114380424027638
0.79969768694867;-0.140029102566224
-0.455057496021176;0.640057947310437
-1.01561299577387;-0.759041200244283
1.53588120443157;-0.413941110354063
0.158397475675676;-1.59096753473092
0.493352168812857;-1.05392103160689
-0.0929834617605993;-1.21442658099305
-0.199215646718075;-1.54361441493589
1.07854303816028;1.02516924616556
0.042730190123251;1.15088318411222
0.342248885876007;0.634675879790639
-2.02027595317185;-1.48097062833305
-0.440665186307115;-1.98892468236306
0.920958505534591;-1.01233999881637
-0.451258695958191;-0.918615731838097
-0.739436648222457;-0.634132785060201
-0.181796988471793;-0.44142455330104
0.909274446535811;-0.00771934155562336
0.884790515161604;-0.0760650530143804
-0.817365631742224;-0.380737608175502
1.10520780938149;-0.0573478330249907
0.853097981583167;-0.103083551517659
-0.829623946465535;-0.0129007712776917
-0.780977460036922;0.596682442394955
-0.395953944003844;0.0633833601620275
0.0782342410806072;0.900088172044546
-0.357873901321686;0.230848630084794
-0.517408624542654;0.275556972693528
-2.64914246514516;0.725246064814605
0.0685303414955053;0.0304108438402997
1.77338698343262;-1.38537588243023
0.656606212103736;-0.303128963537262
2.27811434446324;-0.244420968827193
0.238906624313831;0.240027006404393
1.11896525462773;1.49683735546749
1.34153555508007;-1.29001453762116
-2.05597876484007;1.25306860160072
-1.83387578586489;0.526515247402699
1.42356438649061;0.901927657886574
-0.812754728820865;-0.433690759388088
-0.348483851730976;0.297359263276706
0.2695358840661;0.442604724443995
-0.24295350554442;-0.0458748753060562
0.16375200831542;-1.23389739250175
0.833827980879814;-0.228253979330623
-1.27591319441913;-0.340970966316447
0.260763315351433;-0.630737038616969
1.71863723580891;-0.96133143504824
-0.637825912951032;0.446850070184357
-2.13278500741247;-0.553328738400829
-0.0871960484069279;-0.670636951344592
1.84107843523922;-0.730383068231333
1.33523680199978;0.621114956195364
1.31015573021185;-1.33975590409356
0.126450885660439;-0.368824009000212
0.940792658421249;0.736210489294773
0.449831102711949;0.0261349046389561
-1.6123015249751;1.37567735945447
-0.433698562420091;0.349209342888594
0.469672152700969;-0.368293316425012
0.325519461516648;0.513392071979002
0.0395822350370547;-0.17716478952108
-0.868771047489445;0.431146228102537
-0.948211241533736;-0.110124285517032
-0.0558865731743724;0.329396176260088
0.020096449368909;0.914004319024538
0.741905022231209;0.181818536045501
2.07130072813304;1.89881642111511
-0.42024257767601;0.719500716116926
1.3190986276262;-0.525423347523767
-0.295452155920524;-1.23150426285161
0.126529383025201;1.35696365014687
0.702542256274207;-0.578980469654299
-0.150604506897801;-0.399212657819757
-0.510295398123184;-0.376562747909083
0.883214668415038;-0.645817699513978
-1.86711078387808;1.48474541105357
1.35408143001895;-0.17775853306475
-1.64584032953612;-0.325230107340617
-1.35269113348596;-0.438232446074196
0.244822663381671;-0.716813192488851
0.510469067060723;0.935398911195342
1.06142463598963;1.23354868198311
0.80573728845479;-0.314737891373561
0.119819266312631;-0.486583311346476
-0.333809785777151;0.664220025335868
0.123437892037684;3.15005991272657
0.0729125371409551;0.647539498110482
-0.249276330948443;-1.03254319634168
-0.683128206997002;0.27373311940821
-0.0438327988819095;0.657403250902345
1.17492387765998;1.02056261979242
0.220744013662376;-2.13105162631953
-0.238659155157207;0.642063250638881
1.51579260261657;1.22304874785872
-0.0184150051325516;0.0943930487207844
1.38874241192945;0.155219049189324
-0.0280341863729283;0.813177090814084
0.576874510573274;0.43701316565073
-1.38455413120262;1.61490825453574
-0.539157998466459;-1.45862812864338
-0.342306226104685;0.105640645164639
0.107084777391634;-1.42351303413857
-0.133685457864214;1.20933590788551
0.265325142977632;-0.0737704683370242
-1.3341605675869;0.88989518417772
0.602048961265057;-0.154649520870076
-1.6249778090144;-1.44408228474313
0.990448844755835;0.644144497970189
1.38909986800192;-0.860282265925367
0.17449355672316;-1.08316268271333
-0.0654582183061653;1.11518340920818
1.4840445793158;0.514902826451682
-1.25565775468453;0.0134615724428743
0.485152773974936;-1.06537147311847
-0.00660884386566483;1.76535300987755
-0.38391836695368;0.874375130796645
-0.898540920666761;-1.66930660980231
0.74870701362928;-0.903575431146083
-0.542385312999117;1.09132128311738
-1.74721297715284;-0.0240441128849637
-0.0229714433405659;-0.689113267656413
-0.622744895375267;1.02906087200717
1.88385449266591;0.590806909806265
1.65305139365602;-0.574077466382129
-0.96056766115752;-0.664059975080699
-1.39704212141512;-1.81992632617638
-1.15326153481383;-0.782673415967994
0.0387492474752101;0.227368872588182
0.348012373005186;0.520535605252829
-0.835509460001678;-0.498491609456611
0.0194788362324466;-1.11178654846447
-1.10272366002669;-0.638116340181545
0.314661675846161;0.514449344401568
0.784824311254666;0.364194775353239
-1.12229492640833;0.644821582731304
-0.692113326076527;0.547789565179944
-1.11122496992338;0.803485277153038
0.0274181932259875;-0.397583787017247
-0.15316240622352;-0.300430361839368
-0.0287643580815444;0.731523784929734
1.07176648842776;0.758951413585843
-0.940790062294262;-2.21493532054858
0.19204420186415;-0.510390608410949
-0.70842146880748;-0.744521962364891
0.915124278815364;-0.133811318928471
-0.393868125963763;-0.969116977825378
-0.177646913895564;-0.62646535263447
-0.666653103907962;-0.448617313132714
-1.63860925361807;0.127659224119149
0.427662212018168;1.07592028600129
0.462852974532409;-1.05637220154101
0.947869189756899;-0.0102450591261376
-0.917060959905568;0.577620663502264
-0.885783203011684;0.330236175517575
-0.065225119727448;1.10530151969552
1.37804319638565;-0.751264074389322
0.474675979993249;0.163758871304055
-0.453350114082727;0.509174297422187
0.782614153508617;1.04510785060759
0.841331446547698;0.895694546728886
1.65268128036857;-2.14550983926448
-0.487610510537329;-2.24205906256646
0.706316401568856;1.42078373094123
0.153022000337132;0.175706263388287
-0.122555911498979;1.15007230163771
0.704991718098614;-0.852078312073377
-0.315743372462349;-1.257583558204
1.04141286456378;-0.464590863655734
0.224143829545175;-0.337840330222218
1.6691711605034;-0.630646623798958
1.04608043894065;1.43771060143362
-0.23900102720185;-1.03159240298935
-1.09325752795044;-1.13979385767394
-0.901371739660256;0.817230750359924
-1.47239447010877;1.19299173429966
-1.38315754724944;-0.686838546650391
-0.165128904447536;-0.251805956853962
0.318507745577661;0.471455792858816
0.10895498371552;0.529852326194312
0.202759320497862;-0.175015930997586
-0.903597065666017;1.18886673725885
-1.16920617785355;2.56505439934858
-1.56309857100534;-0.0882946582465155
2.04628399371381;-0.503393994078928
1.156831795982;-1.3164595892404
-0.0889838635325151;0.434692094156677
1.45176756076607;0.351344241280322
1.60709216538454;1.76063331388968
-0.494175785093202;-0.418272076700951
-0.524991872940747;0.0470085615969382
-0.841177968304351;-1.66911681875422
1.47077075625915;-0.116051142385699
-1.36641421211245;0.91926021614508
-1.55803401584421;-0.653471752850351
-0.50654939658564;-2.10279945153662
0.745376827018831;-2.78637838614791
-0.270173266536037;0.31416111541967
-0.221826011799713;-0.275957270965241
1.2887723685467;-1.06076512560423
-0.514038441277182;0.223001248744594
-2.57335906401464;0.167850528197331
0.509204450519158;-0.44827077689725
0.64364642631122;-1.26763964961103
0.390255792654281;0.490462912549577
-0.729053843059611;-0.179158128092615
0.509993938643902;-2.18171565729828
0.728327476764759;0.0434570973313776
0.283949425983112;-1.81464488614397
0.478842172418786;-1.40591168977651
-0.147677685807627;1.12483063192167
0.703269366501697;1.1448375168215
0.331631781064242;1.59679060394336
0.474152333164522;-0.373375174079517
1.15919041072068;-1.34390984429455
0.162763663931151;-1.32435218806199
0.3480248992938;0.132465468759736
-0.358904894197378;-0.339972818554607
-0.781333461572984;0.687731782268375
1.25374433022842;-1.02457138667061
0.886239805868354;0.247031550186139
-0.367977441328547;0.82076836529576
-0.513925564451821;-1.35864607614329
0.896610886636276;0.397332304252987
0.5266330033127;-1.07399261848371
-2.14433703366734;-1.54164168933424
1.09439284073104;0.443282882135646
0.20246258324387;-1.46699752087996
-1.23766517898987;1.15832641204003
1.52015633034574;0.238287360996014
-0.727951797619791;-0.684753900109199
-1.6575042755085;-2.48789320610064
1.42892131978833;0.2887844896846
-0.983621188242925;-0.0746117756143041
-0.267488857376816;-1.33603056154667
0.373674394102523;-0.870000088009127
0.161686379605562;0.197279449535035
0.490368883857266;0.269423311042551
-0.82641957918087;-0.259982212374708
-0.491377461453811;0.414944665678679
-1.48221480263999;0.594358678617454
0.518285900920065;0.251536747055091
-1.65188706959076;0.855479455853226
-2.22818902943656;-1.56581973668333
0.525936508676098;0.0277648535624428
0.964727443005115;1.43175466559058
-0.420528660636965;0.938495174741473
-1.0325711845901;1.65541497881685
-0.495025001862817;1.28616877326908
1.59297807713787;1.38294310800244
0.323593765004926;-0.272207470928051
-1.00997120598067;1.15929395700231
0.0878080992388698;0.881484961617386
0.895605863053218;0.714902834211134
2.23568685226337;0.477246581321863
-1.30768566984038;-0.80111490479615
-1.2644960915721;-0.142926517648984
-1.59442199606719;1.58382864152156
0.135122767621511;0.815811650861057
0.0544573924332835;0.436888839978999
-0.399275177626823;-0.428352719042307
0.269777321170083;0.344072593365523
-0.39006288316028;0.254159925989767
0.0991163772394872;0.356199036660812
-1.30029404500717;1.19436793412834
-0.738405403385393;0.00173482709398953
-1.53575736605882;0.38678395474465
0.179449275912159;0.21207429031829
-0.262198023110907;1.40843221972873
0.884994773818156;-0.335675871263455
-0.531972840088522;-0.588255922569159
-0.230603900911085;1.19706547927392
-0.569613564556064;0.578851520698786
-0.130735884613553;-0.0459932690265755
0.910562772266863;1.39293931928333
-0.765345192127867;-0.673539916777878
0.864111711218447;-1.40999013027285
0.916856377022521;0.74220416360946
-1.08334481076617;0.0852167274704818
0.254261192539277;1.71370061925151
0.332285599407733;1.17875877550175
-0.151017850655923;-1.16943568373042
0.0827078974052695;0.461570998800228
-0.00725951672413727;1.39772742090649
-0.0283651656988637;-0.314733679156002
1.52312243578896;-0.0371234010131399
0.796357431368257;-0.294686328962657
-1.70117070254674;-0.0718246480873789
-0.79399960086173;0.419720616496474
-0.774920309434108;0.379244806158225
0.254230433042394;0.528795062231544
1.04531146340835;0.815415015986764
-1.43538157378701;0.281947980278131
-0.68562105600848;-0.161147303359663
2.01276803689527;0.249740719483795
-2.14265931495474;0.343441758738651
-0.628915353190828;0.944709046520682
-0.62399872974807;0.620289576625821
-0.51209688421506;0.562566609093148
-0.738746366874988;-0.513674638588304
-2.56384893914587;1.95742148025027
-0.331195076273127;0.469397355069386
-1.81837506609393;0.961249265896361
-1.99003822079777;-0.69852524385397
-1.44741469622359;0.501860246349287
-0.0992725593679949;1.33676706349718
1.37008823191541;-0.81227246172546
-0.457424928977314;0.645231249582903
-0.037364346727445;-1.8212259754915
-1.36995671792545;1.4976699271681
-1.67484903223204;1.16058398122014
0.88743584814314;-0.761849029358922
-0.660768131126898;1.793027909785
0.0484458018745697;-0.299299494394612
-0.448680921057776;0.496576598163429
-0.815952689972196;-1.59483971832441
1.00378272405124;-1.10793238968706
0.311020607013705;1.91752116187719
-0.737707884397862;1.54062295427884
-0.284110628114312;0.113847242532207
1.1287827511081;0.550442686434597
-1.50469406733961;-1.21392814563401
0.670127397173911;0.334964325155674
-2.00395809450476;-0.430935077728635
-1.60031481331061;0.639592153101901
-0.379436874008028;-2.09298131752294
-1.44299259381837;2.46932662037377
0.0889752793336791;0.521123798493965
1.69940131601553;-0.841808458730749
0.697584290433447;-0.161748681365677
1.51599788726759;0.257183761567167
1.47935535575352;1.62556050275766
-0.722304409038067;0.659187417235824
1.12409531552802;-0.497568362753767
0.285833267872849;1.10454441126059
-0.0320968323041075;-0.556709097924759
-0.183002235740063;1.48860043171949
-0.517221017503735;0.524352855023047
0.0323235331231742;2.55672516538139
-0.840872444167206;-0.229616051719694
-0.449994921580233;-1.28728566456779
-1.10386680727518;1.24279872550901
-0.296646197746453;0.225085221824274
0.803900372652834;1.70136321251607
-1.21942720259756;-0.253693421541393
0.633058337072403;1.21305987046788
-0.73323502638405;-1.48496003497048
0.279387626871631;1.04438693886992
1.14392699225557;-6.68571809225634e-05
-1.71114345154913;0.700786249759798
1.6928203697886;0.801776825379426
0.165944495651312;0.872655237277651
-0.601447424939232;0.503993399592739
0.139614323432068;0.603335816050427
0.581081824650978;-0.405051230511297
0.339822960191208;-0.96379099717797
-0.723485227348383;-0.330420898327757
-1.90376967620122;-0.3266364741721
0.50587115906038;-0.283794048265836
-1.37974325073521;1.15238603854306
0.839817971173429;0.162762638681743
0.159901512786052;1.0021123648475
-0.55400787031221;-0.750011108567984
-1.36898435194371;0.922252615772583
-0.75790748407422;1.20922256930857
-0.248253618480752;0.104146429619208
-0.242765765588369;-0.21049991165893
-0.500272539724197;-0.967008149710536
0.00745105510457597;-0.598307808972474
0.531470437004028;-0.302820909087937
1.5143176861947;1.39792417153798
0.0214874386299048;0.762415574514907
0.623057032752425;-0.346329458900571
-0.988097805477662;-0.31089864125816
0.968181420178502;0.448035109189384
-1.30693387706102;-0.549130013149587
-0.192995491096036;-0.605744677432808
1.36120050184355;-0.446733035628645
1.49422501970172;-0.853958196487118
0.711475562505053;-0.486761847263898
0.978489147254475;0.676895881885572
-1.21601118862291;-0.646905258816634
0.321912371135902;-1.10589943925161
-0.107829619464598;-0.248572265775645
-1.48867820069207;-0.0676041022290698
-2.19374181143464;0.10846907762766
-0.0575566862022775;0.323656792921377
0.534717748422237;0.816454433109033
-0.151262161628741;-2.21876464036725
-2.42135879272229;1.22389280222093
-0.945228632955846;1.48422323758725
0.666798556194021;1.42393104901797
-0.789980352141197;-0.0846642746575298
-0.775552600914386;-0.586948736583062
-0.888585770929601;0.00432276052900243
-1.40153488068483;0.414186080473485
-0.471047453967079;0.927271409392805
-0.425433026787918;0.0103489722426401
0.675403596767188;-0.211657577387278
-0.00796852454984623;-0.181499185261603
-0.324849623187192;3.23680984422624
0.260794869455722;0.836496250879091
-1.02065983716638;-0.856726210336196
-0.143939482546925;-2.10410179687021
-0.523232103689463;-0.110335940092857
-0.57153002461194;0.378524500360181
0.657273574686505;0.0974517454950423
-0.0603192824933749;0.0888249682972387
0.554423037194843;-0.151434775184286
-1.80073385425351;0.903839667487536
-0.637863182780541;1.049041349692
0.966165793506774;-0.58397234578903
0.523554304333929;-0.427503838995378
-0.584034541764786;0.522051970535142
0.37546774916132;0.666147254859023
-0.267224629795566;0.818908930902856
-0.558458772948126;0.679933469848656
-0.176492618012574;0.895424715317132
0.5709796547474;1.47453385033933
-0.724025127969771;2.2890971809127
-0.304626863929361;0.198844903673282
0.21061676580174;-0.0267144280987576
-1.67830448471161;-0.38114314141096
-0.258785443604248;-0.48243604730669
0.439306821470984;-2.24138295044243
-1.11170578611138;-1.69068180248815
1.05711351533051;-1.9547889907939
-0.234533148745831;0.3015205125055
-1.26275634366337;-1.20919174496935
0.645213881212509;0.905664980713114
0.496696184858279;-0.0145909920058691
-0.240620968050337;2.10293998277213
-2.21192393413498;-2.23190039446377
1.16609352423519;-0.699916917331906
0.261032328853618;1.92295984894113
-1.41434182374842;0.100857154813927
0.170866966651257;-2.39336234460659
-1.33478390764642;0.331493426011963
0.991070775790934;-1.42735157274384
-0.408752620599519;1.07141563489251
0.693605573733565;-1.59988157281548
1.36597067531678;-0.429807544413125
-1.26865567366795;-1.50152768761286
0.381963902363202;1.41848984280551
1.58836196510697;-0.270122042641471
0.162607732357712;0.487828501266051
0.164645418350286;0.203738662335599
-0.0464127774169012;1.52332450746607
0.877506891241815;1.14051698239373
0.195823381356471;0.769569133506966
-0.441668572659585;0.235637485871899
-0.0305273366847499;0.638615442085361
1.38466180804036;0.270497958855498
0.980768003351663;0.0792371569697334
1.08092682283391;0.720271112256703
1.4895558291593;-1.98069205156704
0.458977055708542;1.0610156265072
0.753670364457988;0.301269469947804
0.436249463492209;0.592681644920677
-0.361796374374724;0.72942541269772
-0.11877447490914;-0.0351527448227996
-0.53213130469519;-1.21593341033724
0.043413828073283;0.356323940023616
2.14479738295372;0.115302595514645
-0.290225075258435;0.677185087188963
1.86240493580363;1.001108306725
1.55221479170962;0.577526459640043
-0.0366995174166661;2.02343428693107
-0.644920334878587;1.07241568690786
-0.489258016894809;0.432430254434864
0.854803988101472;0.435664613426419
1.88475653725364;0.716536651053627
0.300016101583629;2.32841777378933
-0.506849644342705;0.305796719233986
-0.00767698455107008;0.771267793473189
0.382539916590399;0.15460203120149
-0.580124007465002;1.38831053943681
-0.0538273763937298;-0.177279952679942
1.1413607953744;0.0314089362435117
-1.29860307736838;0.287209277248074
-0.39397983704688;-1.07731243771988
-1.06345624966584;-1.69767458938289
0.0877625515991889;0.7957984475554
0.00454022536560943;-0.0365289257191891
-0.855137238398756;0.0214390409460544
0.373526914101668;-1.80872093292464
1.36732675043645;-0.398572013558008
-1.23524537584179;0.146213012592826
-0.676026861835645;-0.0979402146746984
-0.0819397551244996;-0.817493863582921
0.211794834806903;0.82060979752963
-1.10548172988572;-0.554440047701398
-1.7687985945853;-0.0161403518634398
1.02218830424582;0.35612139679759
-0.46725920128617;2.21422303951388
-2.6179410511635;-0.559540377314558
0.648260825688403;-1.05043793944623
-1.37870969366356;-1.36955413593152
-0.0743911674617307;0.222903840731416
0.200124809241654;-1.35010263904908
-0.0959040851378733;-0.0481483193188989
0.891565088881489;0.392250707310502
-1.06992486471354;1.12383529139723
-0.521619227661021;-0.170199498730196
2.45504174235116;-0.56757040158714
1.5215561240759;0.991928985000446
1.06758571237387;1.0732679347871
1.1502397821712;-2.86666862720893
0.00139967574106033;0.589350834681136
2.55459663670641;0.137228492781785
0.780180204437596;1.12856287385911
-1.20787527325697;-0.107322102740113
-0.678663790821272;-0.27967965907745
-1.36469339156344;-1.17213219198348
-1.20750186982678;0.318274440373598
-1.21921097354119;0.169532063505976
-0.0592221827431337;0.773251180181878
-0.765558523206514;-1.14194345062384
0.246832361110326;0.290777927011221
-0.283444113718735;-0.921389101028307
0.273867395436548;1.46215609231355
0.734309233218982;0.689496428453973
0.00591098282968802;0.117090918274937
-1.82142994380551;0.820537634084724
0.237700851664479;-0.41183233487628
0.428481949612102;-0.286381675253381
-0.442469952912529;-1.24879776043001
-1.12461660324098;-0.868561221892449
0.970731162931653;1.0005408643925
-1.86687957187483;2.38953313322294
-0.0653031889494785;-0.0347604979714955
0.743222696280492;1.53360577143853
0.959108064749317;1.72790498977478
-0.175515934849215;0.300451273103802
2.37825073870642;-0.675672137142404
1.43444244996848;0.000482950116729308
0.401085206174227;0.459803855978663
-0.335042693752627;0.0393839618520312
2.42305726028197;-0.440499713990593
-0.500008781160717;-0.152401430338744
1.87084897423729;-0.908199854235172
1.22660250614095;0.565226686067255
-1.51334187713904;-0.237114637191257
-0.00271445852558794;-0.642995850216731
-1.64575511083115;-0.502862292868003
0.780731649609084;0.502178802014133
-0.96579891423823;0.325079567087709
0.955939793039915;-1.54167383434501
0.171504172255999;0.997014656831467
