0.8444;-1.63044
1.10347;-1.09037
-0.288944;-1.39143
0.942942;-1.29091
0.344717;-1.11277
0.276529;-0.776858
1.08417;-2.60513
0.223099;-1.82571
0.595106;-1.49204
0.172245;-2.63406
-0.87572;-1.93763
-1.17718;-2.13847
-0.381059;-3.25509
0.959276;-2.32798
-1.38995;-3.23184
-0.706647;-0.864711
-0.067791;-3.153
-0.665465;-2.78907
0.952459;-1.27886
0.822193;-1.08416
-0.294948;-1.54895
0.289407;-1.8158
0.937758;-1.66888
-0.312811;-1.67701
0.174536;-1.54347
0.466351;-1.12587
1.02149;-0.80034
-0.433798;-0.295623
-1.86162;-2.32201
0.765956;-1.55927
-1.58424;-1.88337
0.0516663;-1.00775
0.508191;-2.05665
-0.0456131;-0.825716
-0.913091;-0.973228
-0.0724621;-2.32244
-1.11249;-1.29883
0.39582;-1.9914
-0.816595;-1.56614
-0.136857;-1.0621
0.370803;-2.02137
1.35821;-0.773127
0.122836;-1.70249
1.01836;-0.877237
0.454237;-0.66754
0.460925;-1.55587
-1.00479;-2.30532
-0.0148035;-2.08556
-1.18431;-0.421228
-0.38942;-2.47295
0.691142;-2.30957
0.353867;-1.8935
1.22119;-0.830466
0.266923;-1.00018
0.842101;-1.01858
0.83144;-2.78746
-0.220252;-2.48965
-1.55619;-1.96947
0.255834;-0.580881
-1.14761;-0.938379
0.923652;-0.531351
-0.284943;-0.598809
0.720701;-0.276544
-1.45839;-2.60419
1.11218;-1.62617
-0.745418;-1.79334
-0.304014;-1.21126
-0.342795;-2.37377
0.46189;-0.407214
-0.310834;-2.74145
-0.113091;-2.53122
1.08785;-0.503289
0.824382;-1.68811
-1.56057;-0.395669
-0.12827;-1.81142
0.975032;-2.16813
-1.18216;-1.47721
1.15928;-0.217227
-0.293915;-1.80411
-0.72684;-1.92666
0.918966;-0.0350418
0.7044;-0.638562
1.08821;-1.10393
-0.196829;-2.78102
0.855571;-1.31306
-0.594504;-1.67889
-0.273043;-2.93804
-0.858759;-0.343404
0.420844;-1.71498
-0.47604;-1.42513
-0.047061;-1.06879
1.14356;-1.19317
-0.951865;-1.2611
-0.531649;0.0201471
0.789224;-1.48175
-0.115615;-1.49789
0.979784;-1.06026
-1.33128;-2.60219
-0.399515;-1.7115
-1.42773;-1.42678
1.07113;-0.337692
0.720137;-1.82912
-0.0842982;-2.27141
1.01396;-0.366382
-0.058146;-0.27411
0.0385514;-1.24551
-0.435899;-3.01743
-1.68008;-0.242893
0.701184;-1.09781
-0.430348;-0.381238
0.593944;-1.14588
-0.570334;-0.00263356
-0.195914;-1.45905
1.00972;-0.79053
0.904333;-1.35312
-0.533845;-1.67512
0.95778;-1.16011
-0.680987;-0.724406
1.5914;-0.526304
0.0610249;-0.411261
-0.197226;-1.41061
0.017868;-1.90523
0.744676;-1.13686
0.167885;-1.50905
0.944189;-0.553205
0.950586;-1.72759
0.43693;-2.25246
1.139;-0.819902
0.625817;-1.73389
-0.523087;-1.66119
-0.605367;-2.14705
-0.699016;-1.76258
-0.531674;-0.0781589
0.934787;-0.18866
1.37406;-0.514238
0.826426;-1.85465
-1.7037;-0.562717
0.346253;-1.31096
0.659324;-2.0801
-0.759267;-1.85258
0.369961;-0.710036
-0.917949;-1.26476
1.19892;-2.08163
-1.44923;-0.752321
0.231556;-1.95535
-0.236375;-2.52979
-0.0715627;-1.06039
-0.197495;-2.36858
0.394797;-0.629213
1.10918;-1.3668
0.0809772;-0.28882
-0.772977;-2.68518
-0.104204;-0.64771
0.219881;-2.42535
0.985095;-1.58001
-0.968031;-1.65375
0.849354;-0.315846
0.570133;-0.965541
-1.97176;-1.51453
-0.38823;-3.69014
0.0822995;-2.71021
-1.1085;-0.924624
0.868445;-0.0689784
0.594771;-1.18999
0.115895;-2.32187
0.625783;-1.65191
1.12725;-0.50098
-0.339849;-1.80913
-0.0523016;-1.22909
-0.311519;-0.719481
-0.417359;-0.682156
0.688827;-0.607338
-0.0111983;-0.611777
0.0798249;-0.6138
-1.92972;-0.308497
-1.0239;-0.475772
1.29468;-0.900039
0.4007;-1.7641
-0.27838;-1.82036
-0.205663;-3.29339
-0.17851;-1.20233
-0.870701;-1.25588
1.08319;-1.72974
-0.492343;-1.63996
-0.76722;-1.99135
1.12397;-0.740388
-0.736288;-2.67763
0.0993955;-0.0763684
-1.76901;-1.38337
0.412486;-2.25947
-0.433994;-1.30117
-1.29226;-0.343993
-1.21601;-2.74812
-0.883088;-0.815098
-0.518148;-2.0421
0.888427;-0.514578
-0.298937;-1.30908
0.741581;-0.0131727
-0.120549;-2.31413
-0.269014;-0.86861
-0.278514;-2.09052
0.596073;-0.070403
0.438158;-1.66603
0.694993;-1.4575
0.451578;-1.39645
-0.214345;-1.78677
0.485886;-1.87824
0.351839;-1.56409
-0.568123;-2.29627
0.0432718;-1.7427
0.506447;-2.47606
0.995494;-1.09854
0.618429;-1.72856
-1.50593;-0.156512
0.373685;-2.14115
0.482836;-2.22313
0.232368;-1.27191
0.904301;-0.564829
0.254503;-2.53919
-0.0893947;-0.0387432
0.137025;-0.316154
-0.14399;-1.06395
-1.28858;-1.51184
1.27562;-2.20618
-0.225092;-1.36134
0.917302;-1.18892
-1.83629;-2.37499
-0.853528;-3.27031
-0.0905854;-2.76787
0.562381;-0.267084
0.132517;-1.21539
0.449639;-2.10483
-1.50223;-0.931201
0.14245;-1.39849
0.576158;-0.95343
-1.73809;-1.62933
0.850492;-0.382888
-1.50521;-1.76434
0.327938;-1.70071
0.712828;-1.7625
0.0124922;-0.332933
1.38921;-1.97221
0.942973;-0.0477527
-0.842937;-1.92673
-0.131936;-0.994359
0.695339;-2.18091
1.25987;-1.37913
0.11424;-0.115643
0.907072;-1.2339
1.00471;-2.6604
-1.14945;-0.534243
0.512562;-1.49909
-0.0526334;-1.43129
-0.524871;-0.444991
-0.537394;-1.62381
-0.93268;-0.645681
-0.809546;-1.12387
-0.611489;-1.99857
0.3323;-0.937724
0.431561;-2.45132
-0.506359;-0.865867
0.30238;-0.763344
0.536256;-0.446656
-0.217148;-1.38903
0.300747;-0.207598
-0.402837;-0.585905
0.694861;-0.843559
0.982269;-2.38804
-1.69591;-0.52989
1.0953;-0.501896
-1.23869;-1.48583
-0.327606;-1.9211
1.07821;-3.57006
0.673262;-2.87967
-1.01684;-1.11884
-0.661104;-1.30466
-0.648415;0.0179472
0.625028;-1.2476
1.03198;-0.341397
-0.957283;-2.03404
-0.178127;-0.686234
0.305494;-0.769929
-0.738134;-2.01594
-1.12844;-1.56628
-0.565604;-2.09488
0.730219;-1.08097
0.200225;-1.02208
0.792091;-2.33843
-1.89897;-2.32046
0.634569;-1.16721
0.704183;-1.45058
1.2837;-0.366283
-0.826384;-0.451458
0.764264;-0.313166
-0.369811;-2.71908
0.274432;-0.33463
0.382657;-1.75081
0.0400906;-1.30027
-1.35012;-1.1804
-0.803394;-1.87594
0.309768;-1.96462
-1.27059;-2.16936
0.157932;-0.372163
1.17511;-0.7673
-1.7327;-1.71033
-0.78646;-1.37736
0.181642;-1.59401
-0.646311;-0.145983
0.195374;-2.69343
0.865803;-1.18844
-0.126807;-2.84259
-1.28318;-1.85523
0.605652;-1.89643
0.519861;-0.0300816
0.0366429;-1.23193
0.0539364;-0.765305
1.03531;-2.38009
-0.213714;-1.62885
0.555126;-0.451192
0.210534;-1.08476
1.41296;-0.732311
-0.956674;-1.51692
-0.811372;-2.51469
-0.381734;-1.43298
0.455329;-2.16245
1.20506;-0.0340952
0.642497;-1.85471
-0.864284;-1.62633
0.207378;-3.53508
0.613263;-1.07046
0.199756;-2.48274
0.271719;-2.26223
0.270922;-0.745454
0.182745;-0.572818
-0.422733;-1.59091
-0.672764;-1.12852
-0.0652835;-1.99109
0.686422;-0.736609
0.796555;-1.77432
0.215972;-0.968803
1.46495;-1.04292
0.793698;-0.617562
-1.35143;-1.90638
-0.223301;-2.92543
0.433009;-2.99905
-0.22445;-1.96438
0.818826;-1.2272
-0.0775221;-1.63611
0.974564;-3.08537
0.326213;-1.32177
0.151469;-2.18795
0.655541;-1.22112
0.653573;-1.27608
-0.961048;-0.679999
-0.454071;-0.648718
-0.748234;-1.04543
0.726135;-1.27087
0.34091;-0.449956
0.399688;-1.07166
0.669593;-0.505826
0.910688;-0.827208
0.5484;-0.596983
0.180868;-0.379455
-0.484207;-0.296502
-0.110034;-0.66056
0.107397;-0.799329
-1.09258;-0.770016
0.581655;-2.50057
-0.503332;-2.4402
0.71454;-0.237838
-0.843987;-0.56031
-0.556378;-3.09548
-1.88279;-1.81779
-1.65838;-1.81438
0.353066;-2.77515
0.922458;-1.47684
1.06183;-0.258947
-0.442567;-1.99027
0.719939;-0.875342
-0.392274;-2.89758
-0.762416;-2.00554
0.90476;-1.43286
-0.108214;0.0436435
-0.260567;-0.846726
0.417546;-1.61649
0.138785;-3.0713
0.260511;-1.64897
0.216366;-1.97171
-1.00642;-0.899069
1.04232;-3.06899
-0.46288;-0.560093
0.217645;-1.6667
-0.815206;-1.17332
0.181634;-0.328117
0.857934;-1.11698
0.656501;-2.19762
0.0474208;-1.99288
1.35542;-0.605529
0.35316;-1.55599
0.182911;-1.37869
-0.316786;-0.492439
1.05416;-3.19332
0.376784;-1.15407
-0.522;-1.72357
0.202292;-0.547111
0.0644646;-0.00182529
0.972776;-0.357662
0.550823;-2.19768
0.548591;-1.27199
1.22373;-0.892523
0.0564879;-1.65269
-0.207378;-2.0366
0.418812;-1.40079
0.126936;-2.33902
-0.145374;-1.95723
0.00652604;-1.71623
-0.471405;-2.73839
0.0235525;-1.02005
0.87451;-1.51646
-1.72456;-2.52957
-1.55252;-0.91135
0.593282;-0.918414
0.609593;-3.28817
1.03269;-2.12205
-0.867818;-0.347861
-0.69841;-3.03737
0.320217;-3.20245
-0.48141;-1.4392
1.18985;-2.03918
0.415379;-3.49763
1.05388;-2.14847
1.06993;-1.13226
0.368559;-0.54908
-0.511387;-2.5146
-1.60438;-2.03401
-0.683074;-2.02099
0.716782;-0.989588
0.355013;-0.336881
-0.63897;-0.293228
-0.579417;-1.87786
0.772381;-1.8059
0.564486;-2.84744
-0.8102;-3.07964
0.986325;-1.66461
-0.120775;-1.93119
-0.99734;-1.68677
0.831277;-1.12035
-0.0544115;-1.28646
0.783385;-0.549203
-0.437618;-0.683095
-0.445033;-1.73748
0.097552;-1.56049
0.162648;-1.91785
-0.888174;-1.40277
0.954822;-0.379568
-0.0470128;-0.897124
0.680874;-2.4853
0.0873324;-1.69096
0.117896;-1.58289
0.480674;-1.28489
0.210797;-0.929429
0.535638;-1.62691
-1.11431;-1.80892
-0.869974;-0.59788
0.765386;-2.88172
-0.635165;-3.32288
0.40236;-1.37851
0.454382;-2.09176
0.483732;-0.0273508
0.547381;-1.18781
-0.0554752;-0.710957
0.433565;-1.71608
0.363396;-0.524361
-0.630607;-1.85267
0.545232;-1.13645
-0.380027;-2.85646
0.751347;-2.10448
-0.11746;-0.568746
-0.831417;-0.485587
-1.76665;-3.08692
0.503161;-1.54623
0.908751;-1.37491
0.459987;-3.20379
1.48392;-0.915307
0.795669;-1.31942
0.724843;-1.2051
1.2492;-0.0111092
-1.50547;-2.19251
-1.08817;-2.17648
0.75666;-1.15424
-1.06357;-0.129168
-0.277666;-1.56155
0.166046;-2.20347
0.0586368;-1.68076
0.381375;-0.490265
0.767009;-1.8699
-0.930937;-1.22846
0.553208;-1.4053
1.20403;-1.72937
-0.289408;-0.474325
-1.47425;-0.159645
0.466781;-0.289434
0.977377;-3.05168
1.36547;-3.23153
1.18843;-0.590092
1.43456;-1.00307
-0.367599;-2.37419
1.00553;-0.242803
-0.968074;-0.247686
-0.134776;-0.552333
-0.248342;-1.04523
0.392477;-0.512959
0.176277;-2.6748
-0.19025;-1.22181
0.190813;-0.690844
-0.587821;-1.12447
0.607565;-1.51712
0.573675;-1.27938
1.24257;-1.97854
0.14527;-2.51474
-0.0529254;-2.45272
-0.523603;-3.53993
0.604197;-0.0829185
1.03498;-0.441219
0.333845;-1.09912
0.0234544;-2.40964
1.40508;-0.225491
-1.24421;-2.72736
0.0176003;-0.634173
-0.94465;-2.01561
-1.27587;-3.12898
0.485355;-2.00373
0.558653;-1.32728
0.759488;-1.78993
0.728463;-1.58196
1.08804;-1.69366
-0.371257;-2.1544
-0.0831557;-1.61405
0.467392;-0.917898
0.642069;-1.27621
0.423454;-0.530148
0.436158;-0.366477
1.14017;-0.265569
0.370705;-1.05154
0.383318;-2.29757
0.286808;-2.6633
0.357425;-2.97174
1.39657;-1.71154
-0.0286302;-1.59148
-0.0717518;-2.62124
-1.76659;-0.778954
-0.0520129;-2.67687
0.0435575;-1.66299
0.870042;-2.19384
-0.230116;-0.706651
0.950442;-0.802116
-0.367462;-2.14466
-0.64146;-2.71262
-1.83472;-0.828586
0.725759;-0.211485
0.700281;-1.34885
0.830672;-0.927321
-0.361019;-0.126905
0.950136;-0.233672
-1.22515;-1.99955
0.672557;-0.896789
-0.172445;-2.08851
0.0588738;-1.9152
-0.547311;-1.81855
1.0911;-0.781564
0.204885;-1.26446
-1.29595;-1.03812
-0.18339;-0.603531
0.41568;-0.641069
1.42451;-1.39454
1.15675;-2.36181
-0.384829;-1.08685
-0.454778;-0.774013
-0.954862;-1.03735
0.788915;-1.66401
0.223204;-0.52917
-0.861857;-1.37157
-0.0826913;-2.04665
-0.712993;-1.15896
0.831867;-3.53937
0.354136;-0.628014
-0.803253;-1.03554
0.0459136;-0.770862
-0.906632;-3.19833
0.0395225;-1.09164
-0.306968;-2.80946
0.0257822;-0.485858
0.82763;-1.35583
-0.767109;-0.394108
0.239995;-1.22566
-0.401855;-1.7293
0.952473;-1.25154
-0.376666;-1.73525
0.832176;-0.0616503
-0.148051;-0.749484
-1.5974;-1.60653
1.51478;-0.741872
1.3659;-0.308783
0.701649;-3.53286
-0.81074;-0.477437
0.606826;-0.43334
-0.0106441;-2.86093
1.36376;-3.00892
0.470283;-3.03326
-0.518935;-1.17213
0.910595;-1.04272
0.528606;-0.470397
1.36477;-0.23451
0.544943;-0.945417
0.636295;-0.407302
1.06992;-1.61613
-0.125278;-1.68603
0.770863;-1.31986
0.440467;-0.958837
0.692599;-3.2617
0.21556;-2.81538
0.794583;-0.95331
0.686687;-2.29957
-0.14783;-1.6135
-0.108793;-2.21212
-0.810869;-1.5405
-0.85594;-2.87272
-1.18791;-0.868537
0.72338;-1.18539
-0.430977;-1.23221
0.569953;-0.520879
1.24454;-2.47541
0.457147;-3.53276
-1.02322;-2.34786
-0.679142;-0.831229
1.15817;-0.522145
0.209524;-1.45383
-0.0790889;-1.27395
0.364852;-1.39036
1.56547;-0.814526
0.301163;-1.82287
-0.534064;-2.04913
-1.1174;-1.63312
0.770936;-1.32461
-1.67205;-1.75357
-0.990895;-1.77328
0.149706;-1.01175
0.267866;-1.16452
-0.0587594;-1.42644
-0.200796;-2.19134
0.754129;-1.04587
-0.434877;-2.54599
-0.931498;-0.286616
0.487842;-2.28875
-0.529949;-2.95732
1.16323;-0.965068
-0.828977;-2.313
0.853048;-0.376261
0.745889;-0.40502
0.355898;-1.54719
1.27446;-1.08734
0.0439166;-0.0518136
0.36938;-1.51173
1.27985;-1.18547
1.16678;-0.511163
0.78054;-0.0646242
0.828073;-2.67839
0.0106142;-1.54377
-0.1914;-0.190579
-0.480124;-0.841701
0.739971;-1.55133
0.82424;-1.57232
-0.360148;-3.03904
-1.11134;-1.09394
1.37103;-1.28402
0.574564;-0.54572
-2.26608;0.642367
0.046365;-1.14373
0.77813;-0.767697
-1.40491;-1.55259
0.760327;-0.671288
0.831341;-0.652998
-1.9554;-1.64654
1.22214;-0.00778976
-0.358392;-1.22752
0.673179;-2.00575
0.985839;-0.818278
0.665106;-2.10191
0.664573;-1.09141
-0.436491;-2.14216
0.486834;-2.08294
-1.34121;-2.51345
0.446143;-1.32192
-1.34159;-1.80047
-1.39784;-1.2616
0.288301;-1.3818
0.525402;-0.638015
0.122929;-2.61938
-0.501657;-1.07238
0.69888;-1.65316
1.21779;-1.07085
0.79291;-2.39498
-1.30249;-1.67565
1.03558;-0.315983
0.801203;-0.900472
1.28067;-1.01073
-1.1859;-1.20101
-0.638664;-2.89817
-0.787814;-0.386685
0.6472;-1.45385
-0.154193;-1.50761
-0.540216;-3.44136
0.133177;-1.59374
-1.01538;-0.817361
0.194769;-1.93616
-0.279706;-1.69251
-0.478847;-3.45043
-1.11867;-0.60318
0.0555065;-0.977159
-0.611891;-2.04565
0.381229;-0.816789
0.0769577;-1.22162
0.445677;-1.99017
-0.713727;-3.0777
0.0887478;-2.60495
0.9394;-0.777506
-0.112687;-0.898216
0.725073;-2.67079
0.373597;-1.83635
-0.656126;-2.49561
0.323027;-0.42281
-0.0463457;-1.72567
0.204036;-1.3107
0.618369;-1.49811
0.0548623;-2.50521
0.522794;-2.36968
0.932878;-0.26357
0.213616;-0.0583452
-1.42814;-1.92281
-0.0482894;-1.29244
-0.686373;-2.12406
0.889841;-1.62915
0.504677;-1.66534
-0.818867;-1.56642
-0.790422;-2.56471
0.708979;-1.86142
-1.20837;-1.17431
-0.556179;-0.481153
-0.835744;-1.84104
-1.02656;-2.28727
-0.0807676;-0.753817
-1.83019;-1.63841
0.0808216;-2.1652
-1.39379;-1.46292
-1.36026;-2.10942
-0.0844762;-1.66285
-0.156212;-0.608517
0.991225;-0.307606
0.23466;-1.40161
0.428738;-2.12153
-1.47453;-2.58129
-0.445721;-0.162301
0.816525;-1.2325
-0.570852;-1.11693
-0.093377;-2.03497
-0.366179;-1.39655
-0.1063;-1.23056
1.34445;-1.88972
0.37701;-0.329786
-0.443574;-1.71341
0.417807;-2.04633
1.26534;-1.06863
-0.257651;-0.899898
0.105804;-1.50755
-1.67594;-0.133084
-0.804627;-1.47392
-0.524568;-1.47031
-0.691154;-1.4802
0.33957;-1.08074
1.10672;-3.01047
0.193663;-1.93021
1.17783;-1.6988
0.982873;-1.34233
0.0911222;-1.51777
0.945225;-0.546746
0.781358;-0.869821
0.481366;-2.42649
0.139764;-1.68954
-0.955833;-1.41973
0.97433;-0.689538
-0.658177;-2.37748
0.377041;-0.912454
-1.37328;-2.36065
0.364719;-2.38658
1.12724;-0.407898
-0.570086;-1.18154
0.26342;-1.5606
-0.660285;-1.63501
0.22224;-0.904039
0.913158;-1.10299
-1.37937;-2.65235
0.806782;-0.384875
0.494418;-2.22115
-0.0341409;-1.82352
0.711595;-0.73409
0.458255;-0.445703
0.523974;-0.136406
-0.218035;-0.590174
-1.51358;-0.108854
0.23312;-1.36558
-0.403654;-0.396837
0.561895;-0.864717
0.298782;-1.29681
0.130191;-2.74224
-1.33504;-0.924979
-0.0426477;-1.92606
-0.266188;-2.2896
-0.0456804;-2.06795
-0.26725;-1.46765
-0.604181;-0.679891
0.355143;-2.21672
0.902701;-0.695016
0.69543;-3.04715
0.688779;-2.08544
-0.452009;-1.27479
0.10303;-1.5494
-0.890982;-1.49969
-0.369586;-1.25609
0.77821;-1.82224
1.28885;-2.84381
0.626506;-2.33488
1.50021;-2.10356
-0.70239;-2.14061
1.08401;-0.551843
-0.065045;-3.30785
-0.837503;-1.94821
-1.73953;-2.77969
-0.271188;-0.577755
0.648518;-0.595662
0.341092;-1.41699
-1.65238;-1.02106
-0.23069;-0.613107
0.801613;-0.654832
0.0593968;-2.39584
-0.233551;-0.566918
-0.96726;-1.36666
-0.616207;-2.34829
1.00254;-2.04764
0.820502;-1.09979
0.839445;-1.44739
0.308279;-0.498426
0.714288;-0.279241
1.16593;-0.0538234
-0.592313;-1.28532
0.856545;-1.30503
0.638593;-1.78001
-1.00465;-1.84451
-0.00511017;-1.80862
0.262781;-1.26072
0.44634;-1.70722
-1.02407;-0.391613
0.163925;-1.67185
0.613213;-0.467148
0.187637;-3.35635
-0.196405;-0.710035
0.592401;-0.29367
-0.453373;-1.1078
0.168216;-1.56337
-0.612284;-1.01004
0.767432;-0.0319575
1.36179;-3.55895
0.0883786;-2.05795
0.198834;-1.77927
-0.646694;-1.58877
0.224937;-0.054361
0.557792;-0.240975
-0.973005;-1.08678
0.917455;-0.589427
0.300142;-1.65099
-0.753289;-1.45826
0.681231;-2.2268
0.0867943;-1.50034
0.309304;-0.686267
-2.01646;-2.44504
0.877727;-0.963079
0.120995;-0.796279
-0.551343;-0.903729
0.425971;-2.00633
-1.15547;-3.49512
0.678652;-0.520593
0.131763;-2.03069
-0.126158;-2.78071
0.916641;-1.1329
-1.23942;-1.6274
0.407032;-1.81612
0.819196;-1.34228
-0.112911;-0.663831
0.0346626;-1.3004
0.405836;-1.83761
0.622063;-0.039752
-0.165553;-1.60945
-0.211507;-1.80875
-0.0178134;-0.130447
1.39209;-1.38661
0.960841;-1.8268
0.747388;-1.05253
1.26728;-1.84674
0.08381;-0.754354
0.466379;-2.19216
0.214592;-2.99359
-0.0359905;-0.354488
0.0429717;-1.96098
-0.517388;-2.4187
0.348244;-2.76556
0.722181;-1.29901
-0.592104;0.085527
1.1099;-0.578061
0.534575;-1.70873
0.359674;-1.35374
-0.436645;-2.01561
-0.553297;-2.62839
0.737534;-0.435979
1.38905;-0.25875
0.0525377;-1.02094
-0.517364;-2.41197
-0.232899;-3.33825
0.21927;-1.19577
0.480113;-2.85331
-0.17048;-1.07246
0.9918;-0.309765
-1.36218;-2.02698
-0.622551;-2.11109
-1.21267;-1.92372
0.367305;-2.20872
-1.26522;-0.859143
-0.579571;-0.734625
0.237691;-1.78654
1.0571;-0.537107
-0.993179;-2.48425
-0.0776107;-1.13334
0.159478;-1.51395
0.256415;-1.57037
-0.2244;-1.23944
-1.60711;-0.938093
0.989314;-0.0354621
-0.202847;-1.51707
-1.49749;-1.54328
0.178604;-0.127953
-0.370362;-1.84926
0.803797;-1.55341
0.380761;-1.73034
0.381727;-0.557631
0.328389;-0.73622
-0.744749;-1.62594
0.337067;-3.19696
1.43964;-0.93518
1.29388;-1.50379
0.941529;-1.60178
0.449213;-0.779858
0.700903;-2.72435
0.568506;-1.66526
0.351452;-0.784388
-1.56355;-2.74552
-0.537502;-1.87034
-0.218114;-1.43372
-0.865564;-0.903486
-1.21388;-2.25151
0.438676;-2.59252
-0.551809;-2.52943
1.5436;-1.35721
-0.0996684;-0.549948
0.649026;-0.470209
1.38208;-0.975211
-0.257526;-2.32986
-1.06896;-0.980927
0.861258;-0.528838
0.433287;-0.282391
1.15226;-3.11222
-0.867038;-0.845876
0.429391;-2.15059
-1.28569;-3.13706
0.627127;-0.438165
-0.0708054;-0.619865
0.919605;-2.60882
0.363574;-1.31545
1.4634;-1.60459
1.15982;-0.429903
0.0313495;-1.97273
-0.052681;-1.01351
0.560175;-0.932804
0.997496;-0.738302
0.965676;-0.0750616
1.37684;-1.17632
-1.01214;-1.35239
0.329191;-0.588793
-0.954136;-1.31167
0.800913;-0.88425
-0.237714;-0.164987
1.01025;-2.79617
-0.292649;-1.25498
-1.23905;-2.23986
0.370536;-2.37082
0.672935;-2.00156
-0.597919;-1.6205
-0.62976;-0.768185
-0.0972545;-2.91251
0.0570217;-1.1002
-0.433047;-0.497317
-0.622463;-1.90687
-0.0865832;-1.16121
-0.502436;-1.93835
1.36251;-0.0760901
0.498728;-0.505871
0.375624;-2.08145
-0.209571;-2.71582
-0.565254;-1.23829
-0.701833;-0.462065
0.345953;-0.937083
-0.0245852;-0.878296
0.845623;-0.851014
0.848447;-1.95903
-1.33405;-2.35797
-0.227102;-2.09499
0.340768;-1.49842
0.343329;-2.22774
0.416029;-2.20649
0.416851;-0.616143
0.371433;-2.22042
1.19028;-2.25345
0.673279;-1.80847
-0.940736;-1.84828
-1.22484;-0.195854
0.935437;-1.86266
-1.87689;-0.800998
-0.674574;-1.99439
-1.28275;-1.37199
-0.190121;-0.497565
0.308586;-2.19207
0.187892;-2.39871
-1.22929;-1.0439
-0.938369;-1.59398
0.54233;-3.03401
0.758814;-2.63151
-0.75562;-2.20273
1.29931;-1.25416
-0.343263;-3.163
-1.15649;-0.607378
0.8649;-1.31092
0.525731;-1.30045
-0.538172;-2.66939
0.244735;0.107071
-0.809276;-0.0446352
0.497532;-1.39722
0.96798;-0.80686
-0.104567;0.0930389
0.303502;-2.9877
0.807933;-1.31996
-0.489028;-3.48887
1.10558;-2.21115
-0.337044;-0.406803
0.942537;-0.764445
0.847162;-1.73034
-1.62654;-2.4626
0.684266;-2.68238
0.151225;-1.60226
0.970589;-0.876218
0.756817;-0.337566
0.665007;-0.916564
-0.883517;-1.34133
0.306346;-1.27576
-0.214698;-1.95014
0.146606;-1.27299
1.30837;-1.38246
-0.298022;-1.99677
0.389004;-1.05167
0.245239;-0.623272
0.458777;-1.5567
0.0717047;-1.44369
0.467752;-0.797706
1.66636;-1.1987
-0.41308;-2.50354
1.02738;-1.85263
-1.12095;-0.153127
0.950963;-1.11946
0.73027;-0.172501
-0.59883;-1.37971
0.732384;-2.50531
0.253604;-0.134649
-1.9643;-1.71339
-0.502978;-1.9082
-0.802055;-1.27427
-0.129367;-1.76572
0.462712;-2.32086
-0.216029;-1.38199
1.11232;-0.0355176
-1.10779;-0.565908
-0.594285;-0.901673
0.49072;-1.66178
0.112246;-1.3533
-0.00723515;-1.78896
0.463368;-0.270614
1.07343;-2.60018
0.260718;-1.32342
-0.276924;-3.15036
0.637635;-2.78527
0.242016;-1.81777
-0.538297;-1.2111
-0.632281;-2.51504
0.81824;-2.42122
0.240447;-2.03755
-0.639494;-1.41616
-0.501259;-1.23721
0.264445;-2.59924
0.553349;-2.50898
-0.106658;-2.39672
0.201291;-2.05509
1.2137;-2.0879
-0.288869;-1.51301
0.911618;-0.222424
0.624763;-0.357306
0.904483;-1.42368
-1.19615;-3.33706
0.440089;-0.392676
-0.788645;-1.14855
-0.240715;-2.20261
0.426488;-0.927208
-0.177687;-0.00571128
0.82123;-1.68653
-0.88271;-0.874704
1.46267;-1.06245
0.366672;-1.26127
-0.464448;-2.46419
-0.390713;-1.30601
1.15065;-1.18197
0.702476;-1.23544
-0.308533;-2.2742
0.449672;-1.68035
-0.354547;-2.16941
0.342012;-2.58797
1.51793;-3.10793
-0.152157;-3.15786
-1.15122;-1.96287
-0.025595;-1.55389
0.495571;-0.784475
0.814113;-2.49471
0.681501;-0.662735
0.443949;-0.547099
0.551095;-0.823767
0.962055;-2.18881
0.249929;-0.277793
-0.476327;-0.5508
-1.28206;-0.692976
1.43358;-1.52687
0.045235;-1.92739
-1.57378;-1.48144
1.23859;-2.97148
0.607654;-0.362128
0.16731;-1.43099
-1.01798;-2.9551
0.175961;-0.845669
0.711286;-1.01773
0.339488;-3.51511
-0.171916;-0.470958
0.443802;-3.55309
0.0160728;-0.86071
-1.32971;-0.60393
-1.42238;-2.50906
0.0233485;-1.63906
-0.508806;-0.129966
-0.428238;-0.61926
0.465304;-0.757188
1.06795;-1.02034
0.564057;-1.14812
1.17508;-0.499726
-0.195355;-0.958173
-0.0926637;-1.05206
1.22996;-0.513737
1.30823;-0.0974081
0.946123;-0.454152
0.365844;-3.07801
1.10009;-1.11178
-0.248823;-2.70007
1.35496;-2.1299
1.37926;-0.29007
-1.32371;-1.49787
-1.21278;-1.09812
-0.216117;-1.15979
0.938629;-2.01894
1.03535;-2.42015
0.828634;-2.34625
0.688678;-1.47476
-0.835516;-0.254447
-0.592638;-2.22916
-0.107129;-0.606331
-0.764128;-0.482885
-1.41824;-3.25968
0.677326;-1.75943
-1.69998;-1.85138
0.0792774;-0.802921
-0.418389;-2.58545
0.433715;-0.905391
-0.365734;-1.87246
-0.192813;-2.70942
0.314193;-1.11977
1.12679;-0.725599
-0.714817;-0.847162
-0.406101;-0.7677
0.870613;-0.871278
0.64145;-0.425494
-1.06271;-0.74995
-1.46716;-2.87375
0.422352;-1.63035
1.46735;-0.993231
0.264701;-1.75923
-1.12886;-1.77908
-0.230497;-1.7927
1.25319;-1.35538
1.24561;-0.813791
0.113797;-0.502743
1.12558;-3.2256
-0.734531;-0.924959
0.220205;-0.380383
0.681784;-0.708862
0.254045;-1.72398
1.15869;-1.33531
0.0617616;-0.190623
-0.0698637;-1.54569
0.363449;-0.425947
-0.592013;-1.91962
0.431956;-2.87907
0.444306;-0.827607
-1.47366;-3.22096
0.0357309;-1.72888
0.73699;-0.716656
1.23551;-1.74842
-0.399086;-1.17724
0.634896;-1.78186
1.03681;-1.82758
-0.585724;-0.388187
0.780157;-1.34124
0.36908;-1.51684
0.430785;-0.341495
-0.256418;-0.897755
0.67898;-0.926989
-1.34943;-2.41549
1.00554;-2.19377
0.864882;-1.24275
-0.648114;-1.77414
1.18143;-1.73637
0.159269;-0.584315
0.131823;-1.33477
-1.75476;-0.75022
-0.567451;-1.57929
0.889793;-0.764174
-1.10027;-1.44934
-0.342354;-1.91962
-0.343014;-0.331448
0.749519;-1.81167
1.19976;-1.84089
-0.159028;-2.74837
0.109457;-1.22033
-1.2194;-3.15841
-1.61629;-3.16005
0.133555;-0.863848
0.799439;-1.01563
-0.874544;-2.00473
-1.78681;-1.73716
0.938391;-0.611163
0.133434;-2.52661
0.362236;-0.328534
-0.349451;-1.39048
-0.892637;-0.532723
-1.30383;-1.02034
0.444058;-1.02672
0.0998988;-1.97623
0.432607;-1.40826
0.135078;-2.73263
-0.427209;-1.27466
0.786632;-1.48475
0.526979;-0.553457
-1.27976;-1.26161
0.98669;-1.2003
-0.549209;-2.37475
0.583569;-1.86949
1.59166;-1.34423
-1.63837;-2.78755
-1.12383;-2.69021
-0.182166;-1.48486
0.759951;-1.77329
0.230626;-1.18472
-0.787458;-2.54773
-0.223434;-1.14242
-0.495878;-0.321406
-0.663404;-1.41347
-0.502888;-1.24141
0.260237;-2.10383
0.67841;-1.01134
0.0195431;-1.87276
-0.0571449;-0.46321
0.654905;-0.50517
0.417583;-0.604502
1.20583;-1.15318
0.197776;-0.956336
0.24488;-1.92608
0.319324;-0.308881
0.555248;-0.887482
0.499586;-1.98661
0.790954;-1.03514
0.414062;-1.9165
0.0789548;-1.8299
-1.91097;-2.21776
0.622764;-1.37208
-0.00816034;-0.490777
-0.872353;-2.48849
0.151958;-1.65844
-0.14675;-0.533164
0.176262;-1.53483
0.419564;-1.35746
0.0140145;-3.07965
1.41223;-0.281143
0.131305;-2.97301
-2.00405;-2.03057
1.26029;-0.323269
-0.914676;-1.16054
-1.41008;-3.08336
1.04146;-1.7415
-0.30244;-2.9888
-0.200845;-1.14044
0.436669;-2.72888
0.400326;-2.23573
0.342866;-1.68665
0.933403;-1.85821
-1.53022;-1.31383
0.125836;-2.29659
0.127411;-0.566865
-0.0148546;-0.588549
-0.679469;-2.90395
1.43131;-0.489922
-0.845589;-3.33371
-0.0656962;-1.89451
-0.22851;-0.395929
-0.364364;-1.03871
0.47974;-2.1911
0.0316791;0.0639994
0.966152;-0.582257
0.438519;-1.612
-0.472002;-1.43693
0.951398;-0.703998
1.46215;0.00411285
-0.431954;-1.4058
0.660647;-0.538292
0.875507;-1.57466
1.17712;-0.692347
-0.579388;-1.63887
-0.137784;-1.55082
-1.06889;-0.754222
0.498069;-1.24912
-0.139113;-2.04355
-1.1224;-1.95862
1.16114;-2.72363
1.23441;-2.84807
-0.252963;-0.981502
1.41204;-1.77984
1.55342;-1.74022
0.0399187;-2.37701
-0.181897;-0.120819
0.213319;-1.13067
-0.534129;-1.3014
0.222145;-2.18856
-0.420699;-0.868032
-1.35822;-0.849591
-0.104593;-1.26673
-0.164735;-0.311759
0.832023;-1.38404
0.2146;-1.20713
1.29916;-1.33495
-1.36597;-1.87062
0.511916;-1.86933
-0.519483;-0.888891
0.923914;-1.41427
-0.337387;-2.71813
0.441793;-2.34336
-0.662109;-1.87777
0.225091;-0.873535
-0.165721;-2.70735
0.352164;-2.62489
-1.92078;-1.09273
-1.18186;-1.28897
0.55906;-1.55299
-0.0783796;-1.7566
-0.436228;-3.61744
0.830067;-0.752665
-1.17764;-1.04323
0.62063;-1.89647
-0.0102084;-0.0518951
0.419817;-1.19164
-0.92689;-1.07164
-0.215649;-0.662861
0.0276365;-1.10488
1.18057;-1.86528
-1.38413;-0.931793
-0.627141;-1.95557
0.949441;-1.04648
0.520097;-1.26637
-0.331163;-0.671398
1.19156;-2.78367
0.820572;-1.33444
0.381729;-0.937743
0.805285;-0.700093
-0.58872;-1.30752
0.103493;-0.858966
0.126631;-0.758755
-0.940916;-1.2262
-0.492294;-2.14343
0.475984;-1.29642
0.397603;-1.30078
-0.642588;-2.60029
-0.974446;-1.25737
-0.44813;-1.21239
-0.319033;-1.06068
1.2937;-0.0496327
0.0861884;-1.954
0.91779;-0.347507
-0.511707;-2.20116
-1.41991;-1.53864
0.722946;-2.40167
-0.522235;-1.52513
1.38885;-0.815949
0.830173;-1.51947
0.723882;-0.382216
-0.266253;-1.80041
-0.606405;-2.2533
-0.287653;-1.44045
0.749913;-1.68622
0.698859;-1.3088
0.0152296;-1.38819
-0.383113;-2.40824
0.158457;-0.523547
-0.917756;-2.40079
-0.965816;-1.24743
1.11571;-1.44871
0.596464;-1.01065
0.912361;-1.20072
0.116045;-2.32712
-0.43894;-0.894399
0.732386;-1.73992
-0.182673;-2.41673
0.115805;-1.34484
-0.51292;-1.73206
0.338084;-1.10464
-0.560462;-0.4412
0.634084;-2.33192
0.415439;-0.979639
-0.219634;-3.56531
0.410775;-2.27384
-0.501222;-1.39661
-0.464003;-0.9029
-0.320115;-0.960907
-0.460771;-0.626006
0.862331;-1.34427
1.09801;-1.57494
0.268337;-0.198984
-1.50008;-2.8362
-2.05962;-1.41753
-0.682321;-1.3927
-0.7869;-1.26432
0.568995;-1.95689
0.0741223;-1.13809
-0.116442;-2.43554
0.221899;-1.47992
-0.52209;-1.05669
-0.596058;-0.312003
0.592639;-0.754986
-0.168523;-1.72977
0.838369;-2.25003
0.264445;-1.93882
1.24795;-2.38267
-0.355969;-2.14535
0.212136;-1.9597
1.09026;-0.354907
0.641805;-0.725447
-0.761082;-0.0325912
-0.0310417;-1.3454
0.283262;-0.00175463
-0.308564;-2.26512
1.20224;-2.48347
-0.965064;-1.28281
0.538482;-2.75185
0.649027;-1.12382
1.0505;-1.75568
-0.590861;-1.95166
0.428897;-1.29187
0.272476;-0.525696
-0.111443;-1.72667
-1.58359;-1.10639
-0.38261;-0.886165
-0.082379;-0.505946
-1.47725;-1.18469
0.248489;-0.289267
1.17573;-0.051523
-0.110042;-1.30953
-0.711814;-2.59271
-0.235725;-1.66275
1.03575;-0.751027
-1.66555;-1.32228
-0.241676;-0.948832
0.597263;-0.790843
-0.212464;-1.38452
1.17228;-0.366824
0.461482;-1.70569
-0.391803;-0.26303
0.00171421;-0.754168
0.327997;-0.84091
0.491924;-1.28547
-0.187986;-0.287279
0.843001;-1.96588
0.950957;-1.40124
0.0594449;-3.20148
1.43073;-0.935658
1.1076;-2.36035
0.13565;-0.925811
-1.2301;-1.01734
1.41272;-1.3138
-1.24774;-1.413
-0.652735;-1.71788
0.0866525;-1.64053
-0.987526;-2.2843
1.03972;-0.829898
0.250918;-2.11325
-0.160409;-2.32023
-0.208115;-2.13209
-0.00838833;-2.82533
0.658082;-1.24926
0.210469;-0.861567
0.14356;-1.34241
-0.73818;-2.27338
0.450448;-1.11674
1.6679;0.0593593
0.678989;-2.65337
0.0405212;-0.76815
0.216366;-1.82492
0.146992;-1.42514
1.084;-2.44851
-1.74548;-0.649594
0.452369;-2.2196
1.05138;-2.16788
-0.0203508;-1.37067
0.970345;-0.678978
0.826782;-1.08338
0.144014;-2.32013
0.879369;-0.643251
-1.17531;-1.11316
0.498671;-0.62148
-0.613495;-2.62329
1.2071;-2.51085
0.340543;-2.75483
0.521932;-1.53839
0.985418;-1.02026
-0.913134;-1.21344
0.88705;-2.61536
-0.630058;-1.309
-1.17509;-2.48597
0.387128;-0.834421
0.24669;-0.975741
-0.118645;-1.03202
0.642197;-0.424961
0.887581;-1.10828
1.19174;-2.48369
-0.846202;-1.78134
-0.662694;-1.59689
0.498126;-1.18071
0.370135;-1.49626
-0.74981;-2.54902
0.344958;-1.36179
0.640323;-3.13813
-0.186905;-2.08216
-0.255253;-1.18107
-1.56954;-2.13823
-0.499839;-1.0665
0.692278;-2.80259
0.963855;-1.15962
-0.764425;-2.83609
-1.25749;-0.877747
-0.247711;-1.2165
-0.466784;-2.19652
0.234243;-3.10427
0.105966;-1.48877
0.324218;-1.42773
1.41469;-0.64513
0.0920333;-2.1067
-0.233334;-1.63093
0.789247;-0.473041
0.434978;-0.568906
-2.04312;-2.33583
0.50335;-0.735801
-1.16675;-2.13043
-0.303216;-0.562744
-0.123926;-1.67415
-1.03646;-1.94474
0.686922;-0.420201
0.657499;-0.922801
0.93441;-0.747126
-0.916577;-0.382161
0.493342;-2.18088
-0.16852;-1.15983
0.551227;-0.47675
1.05558;-1.38233
-0.0370369;-1.32037
1.08082;-0.352984
0.477397;-2.76929
1.35603;-1.15647
1.19635;-0.0572891
-1.31607;-0.963554
-1.13245;-0.53441
0.178949;-1.67555
0.351256;-1.64673
0.759665;-1.69284
-1.2189;-1.89533
-0.142343;-2.12906
-0.228948;-1.93014
-0.63894;-1.65774
-0.457171;-1.76012
0.707015;-1.15721
-0.571496;-2.69503
-0.900081;-0.769233
0.619452;-1.26731
1.43176;-1.59764
-1.1707;-0.673189
0.595772;-0.85832
1.51993;-1.37792
0.157884;-1.2272
-0.0837941;-2.44035
1.44519;-0.522629
1.18193;-1.82273
0.370963;-0.99149
-0.457955;-0.310879
-0.420511;-1.37792
0.561716;-1.62136
-0.387091;-0.445144
0.772096;-1.23796
0.129167;-2.461
0.530011;-1.20666
-0.606121;-2.18461
-0.29448;-1.23178
-0.181148;-1.23223
0.149216;-0.579348
-1.17244;-1.46943
-1.99237;-2.46974
0.772062;-0.765907
0.507143;-2.73047
-0.190013;-3.22002
0.214531;-1.65245
0.451358;-2.22704
-0.235819;-0.314517
-1.03761;-2.52124
0.917698;-1.82629
-0.318306;-2.37264
-1.46164;0.0416585
0.119124;-1.68309
-1.27143;-1.05191
-1.59403;-2.16354
0.846851;-1.03484
0.264302;-2.60431
1.16238;-0.580609
-0.199847;-2.60485
-1.39961;0.0112057
-1.22415;-3.33026
-0.372095;-1.81634
0.0921746;-3.01608
0.531491;-2.23834
-0.62571;-1.81703
0.730602;-0.933226
0.898977;-1.79607
-0.765757;-2.34486
0.827106;-2.43788
-0.480261;-0.481289
-0.334661;-0.574919
0.0899452;-1.08871
-1.2923;-2.2001
0.456209;-3.01012
0.382858;-3.12331
-0.600354;-1.23152
-1.78688;-1.32196
0.387387;-2.15787
0.0485678;-3.25475
-0.653215;-2.98484
-0.195302;-2.57952
0.830015;-1.75856
0.442144;-1.2337
-0.292496;-2.34196
0.474935;-1.56881
0.425358;-2.76302
0.117567;-2.25214
0.533837;-1.76559
-0.837306;-1.02743
0.095767;-1.5231
0.965943;-2.42465
0.673706;-1.51583
1.05599;-2.14018
0.774062;-0.912322
0.873268;-1.70191
-0.0814185;-2.60125
0.267969;-1.51577
0.775772;-1.99188
0.951898;-0.973376
1.29232;-1.14526
-0.877215;-1.80997
0.255642;-0.86673
1.43847;-2.29881
0.239241;-2.48993
1.12084;-1.23642
0.287176;-0.0342604
-0.390152;-1.30866
0.91908;-2.01141
0.16289;-0.316782
0.400359;-1.26482
0.82307;-0.606499
0.728584;-2.27697
1.01257;-2.55245
0.948832;-1.32823
0.0420665;-0.673871
-0.186637;-1.19611
0.744603;-0.755754
0.819705;-0.350057
0.111699;-1.51342
0.809176;-2.01564
-0.279908;-3.0117
-0.430516;-2.89068
1.04609;-2.43025
-0.260119;-2.99879
0.241526;-2.96001
0.461358;-2.62048
-0.651852;-1.42919
1.13795;-1.46428
1.3825;-1.04114
0.0559641;-1.85716
0.0455872;0.0380847
-0.846009;-1.6255
0.330772;-1.4265
0.238652;-2.53547
0.404309;-0.412983
1.00537;-2.29532
0.741887;-0.990109
0.387824;-1.81196
0.0752036;-1.26725
0.586574;-1.23099
0.635753;-0.923187
1.06046;-2.02094
0.643868;-0.0372885
0.577523;-1.06233
-0.180495;-2.63468
1.38294;-0.598941
0.359547;-2.21279
0.712528;-1.92623
-0.78223;-1.33996
0.705575;-1.48096
0.796465;-2.39648
0.0092015;-0.643715
0.827311;-1.55051
-0.935765;-2.20882
-1.04812;-2.6109
0.0602568;-2.8776
-0.423372;-1.91098
1.08287;-2.37828
0.451524;-0.268813
0.233429;-0.438871
-1.06858;-1.36626
-0.678162;-1.2057
1.59551;-1.28603
1.31386;-2.16931
0.993714;-1.09156
0.421517;-0.966961
-0.638023;-0.998251
-0.0706248;-2.36746
0.337951;-0.310187
0.242543;-0.432978
-1.60057;-1.97066
1.39116;-0.522875
0.296566;-1.09549
0.013393;-1.92788
0.347546;-0.338344
0.595202;-1.31665
1.00218;-1.68956
0.516113;-1.0732
-0.0256262;-2.54478
0.5525;-0.347226
0.617924;-0.329131
0.765349;-1.13913
0.457427;-1.30997
1.31012;-0.483568
0.412034;-2.16719
-0.188827;-1.41343
1.44592;-2.16321
0.590081;-1.69805
0.318624;-1.04749
0.0923032;-0.197439
0.372505;-2.65165
-1.33822;-2.61464
1.1431;-1.94945
0.974209;-0.484062
0.290903;-0.903444
1.12814;-1.46963
0.788616;-2.60257
0.182602;-0.239244
1.23997;-1.06725
0.0758569;-2.96413
-0.421965;-0.278758
-0.0421878;-1.61841
0.777454;-1.51651
-0.291535;-1.05695
0.231321;-0.376165
-0.470695;-2.4146
1.12561;-2.36666
0.646804;-1.12601
0.544538;-2.30156
0.973584;-0.285451
0.999267;-1.00931
0.799172;-1.14181
-0.521111;-1.71784
-0.0747387;-2.79094
-0.566747;-1.02755
1.0597;-2.36387
0.0730909;-3.68164
-0.685471;-1.15777
-1.00509;-3.0423
1.19613;-0.785536
-0.390189;-0.515242
-0.489208;-3.34298
-0.803571;-1.30601
-0.10037;-0.435303
0.350056;-1.13887
0.53186;-0.279369
-0.197021;-1.36134
-1.18703;-2.51251
0.511034;-2.33348
-0.129116;-0.5037
1.09849;-0.94444
0.636118;-0.630113
0.33874;-1.16317
-1.81897;-2.48678
0.686924;-1.41888
0.801835;-0.918088
1.3157;-1.14159
-0.349543;-0.917399
-0.655601;-2.92267
-0.52994;-1.55721
0.625461;-1.65517
-0.0955784;-1.62176
0.24778;-0.529889
-0.654436;-2.05069
0.420053;-1.11682
1.25779;-2.13216
0.940717;-1.75955
-1.30407;-2.0995
-0.837903;-1.38504
-0.378261;-1.75757
0.722944;-1.48185
0.0835487;-1.17347
-0.318284;-1.63543
0.644372;-0.0879431
0.938654;-1.84866
0.619013;-0.549645
0.0597128;-0.439658
-0.328645;-1.63383
0.8576;-0.881435
0.140686;-1.01676
0.509245;-0.251938
1.27259;-0.309826
-0.398434;-0.636526
0.937817;-1.17117
0.480158;-0.309554
0.719405;-1.80991
-0.421665;-0.669301
-0.0182419;-0.700391
-0.480827;-1.0921
-1.42136;-0.400661
-0.481825;-2.19909
-1.24175;-1.91041
-0.044251;-1.81241
-0.272623;-1.542
-0.411719;-1.31503
0.657804;-0.657811
0.650339;-1.48783
-1.86429;-1.77547
-0.355581;-1.31679
0.9519;-0.0662465
-0.22376;-2.88068
-1.7159;-0.518708
-0.282452;-0.577989
-0.951243;-2.77595
-0.151911;-2.35431
-1.72776;-1.30322
-0.419025;-0.531677
-0.585048;-1.95375
1.2532;-1.63875
-0.426726;-1.96573
0.743078;-2.72019
0.919225;-1.3605
1.45935;-1.31859
0.972032;-0.579786
1.15125;-1.22392
0.507982;-2.62473
-0.0380527;-1.03007
1.46215;0.00411285
0.867579;-0.924523
1.02985;-1.15891
-1.17725;-0.909851
0.541023;-1.46395
-0.361014;-1.05968
0.752481;-2.68199
0.766603;-0.992879
0.397365;-1.50667
-1.23295;-1.79661
0.371494;-1.97526
0.501087;-1.14017
0.745304;-1.71473
0.825354;-0.741685
1.03985;-0.720411
0.943115;-0.912737
0.505445;-2.36091
0.437222;-2.60166
0.909273;-0.344169
0.445706;-2.13093
0.811654;-0.272532
0.253992;-1.27665
0.481858;-1.63443
0.310842;-1.09432
1.08507;-1.94929
0.482953;-1.54262
0.0492304;-3.29417
1.5942;-1.04757
-0.23268;-1.39916
-0.833842;-0.887657
0.264675;-0.703561
-0.541815;-0.588832
0.279137;-0.290504
-1.62793;-0.0903072
-0.726824;-2.35807
0.254395;-0.903446
-0.141067;-0.259834
-0.672355;-1.66733
0.399502;-3.04677
-0.14091;-0.154053
-0.202667;-1.91309
0.900079;-0.321415
0.896423;-1.99942
-0.713049;-0.79521
-0.0989637;-0.729565
-0.0121126;-1.70961
0.451558;-0.539481
-1.29489;-1.40516
-0.046995;-2.54761
1.04652;-0.0384076
0.651315;-0.46992
1.42159;-1.01651
0.0166101;-1.02293
0.644145;-3.41678
0.926259;-2.69506
-2.15705;-2.27644
0.833067;-0.292568
0.480762;-2.26976
0.67901;-0.910287
-0.437014;-2.46301
1.26092;-0.839815
-0.617416;-1.85021
0.661641;-0.0470579
0.154099;-1.12343
0.932108;-0.278465
0.300226;-3.28776
0.507355;-1.49566
-0.610498;-2.57004
1.23794;-1.44711
0.348233;-1.65474
0.428342;-1.67805
1.26838;-2.52365
-0.495317;-0.700024
-0.386767;-1.09574
-0.916218;-1.32881
-0.441166;-0.379692
1.20805;-0.963884
1.00763;-0.9005
0.211896;-1.16928
1.40449;-0.304386
0.920512;-2.82358
0.575047;-0.0820762
0.0310265;-2.51452
-0.534261;-1.10296
0.807827;-1.60313
-0.167193;-2.06791
-0.152983;-2.67098
0.296568;-0.847249
-0.509678;-3.26996
0.654743;-2.36642
-0.649588;-3.32618
-0.788698;-0.815315
0.487091;-1.40459
0.226891;0.0316413
0.129399;-1.30054
-0.371139;-0.88489
0.979508;-0.0522893
-0.298151;-0.976407
-1.0429;-2.03883
0.970517;-2.37823
-1.32592;-1.0543
0.369323;-1.78845
0.047845;-0.557689
0.540842;-2.24365
1.46215;0.00411285
0.491217;-0.892341
1.29912;-0.121888
-0.0799369;-1.74655
0.745089;-0.269586
-1.56847;-1.50906
0.898781;-1.1823
-0.259461;-2.25677
1.06947;-1.63624
-0.0347676;-0.815561
-0.389366;-0.942005
1.43968;0.0223593
-2.02069;-0.680825
1.50531;-1.68106
0.697352;-2.18241
-0.850663;-0.792105
0.337024;-1.25455
-1.78996;-1.2197
0.607496;-1.99334
0.142089;-2.27701
-0.223096;-2.88529
0.00661244;-1.74778
0.318664;-0.845855
1.19307;-1.86184
0.651273;-0.252833
0.848835;-1.70593
0.53928;-0.598671
1.44479;-0.453676
0.731906;-1.08037
-1.13243;-2.01312
-1.1636;-1.66128
-0.0819469;-0.935204
-1.13513;-1.21607
-1.18569;-2.90441
0.605457;-1.07543
1.31498;-2.5257
0.663184;-0.489714
0.228884;-1.28316
0.222295;-0.0153366
-0.926374;-0.813917
-1.38248;-1.65686
-0.280028;-2.40294
1.44402;-0.755175
0.533317;-0.445663
-0.894387;-0.851229
0.796741;-1.81831
0.421184;-1.10347
0.492375;-2.54134
-0.569504;0.0208651
-0.471302;-3.15953
0.469937;-1.05407
0.878627;-1.56017
0.556592;-1.47485
0.0561578;-1.24758
-0.0501914;-0.26587
-0.141766;-2.61134
-0.492967;-3.36313
-0.0928524;-1.1633
-1.74326;-1.4435
0.285957;-0.253603
0.227029;-3.42738
-1.29907;-2.76898
-1.69956;-2.15369
-0.849529;-1.49472
0.689663;-1.48632
0.507412;-2.36029
1.20257;-1.57663
0.426282;-0.264084
1.08637;-1.22167
-0.544454;-2.25921
0.875942;-0.517396
0.252916;-2.85912
0.95975;-0.955259
0.602052;-3.15858
0.683944;-1.18141
0.712421;-0.977632
-0.907434;-1.15722
0.739277;-1.43433
0.196172;-0.848728
-0.0143625;-0.785035
-1.9089;-0.749249
-0.659777;-0.451638
0.115803;-3.42925
1.14932;-0.477705
-0.564837;-2.76383
-1.29245;-2.57159
0.856628;-1.657
-1.44202;-2.09551
-0.519418;-2.36588
-0.279121;-1.27455
-0.516163;-0.883285
0.776548;-2.7224
1.54697;-1.37006
1.2703;-0.69818
-0.557679;-1.78087
-1.23976;-2.81162
0.362569;-2.5462
0.263919;-1.81557
0.126941;-0.634904
0.101215;-0.608073
-0.416052;-2.12422
-0.510727;-0.307499
1.02229;-2.40842
0.00394564;-2.09963
0.643894;-2.54398
0.184679;-2.7301
-0.140834;-1.69801
0.892029;-1.66761
-0.684461;-0.87526
0.662648;-0.98374
0.569461;-0.950258
-1.21073;-1.21117
0.897287;-1.2691
0.976678;-0.0676438
1.05372;-0.677641
0.153142;-3.55925
0.765217;-1.41004
0.330326;-0.924244
-0.658544;-1.23198
0.215103;-2.06443
0.628594;-0.922179
0.809866;-1.28344
-0.355027;-0.770558
0.484758;-1.28511
0.824874;-2.28931
0.280694;-1.22124
0.173454;-2.64513
0.462007;-0.869553
1.03131;-0.506526
-0.640198;-0.609625
0.258688;-2.6591
0.248962;-0.291499
-0.691706;-1.43411
-0.583184;-0.854087
-0.226608;-1.07436
0.672593;-1.04588
0.771585;-0.728911
0.00446138;-1.1539
0.738617;-0.698156
0.6506;-2.72455
-1.00617;-1.3045
0.703232;-2.42039
-0.00413823;-1.23
-1.05744;-2.19799
0.609732;-1.80868
0.631609;-1.20261
-0.424255;-1.44158
0.917956;-2.29656
-2.0292;-1.25672
-0.553406;-1.74622
-0.086601;-1.02092
1.5875;-0.587312
1.22237;-0.543468
0.0345201;-0.498876
-0.154992;-1.46839
0.921329;-0.625695
-1.25945;-1.50273
-0.666532;-1.34899
0.892058;-3.0884
0.96969;-0.404169
-0.88727;-0.99661
0.528615;-0.323674
0.102571;-0.750641
0.60663;-2.60351
1.05253;-0.628259
0.382347;-0.690375
0.697208;-1.45218
-0.65319;-3.02599
0.634082;-1.44622
-0.267759;-0.143898
1.21068;-1.51338
1.39957;-1.46516
0.12173;-0.558313
0.161557;-0.183405
0.285818;-1.63492
0.225476;-2.52529
0.252986;-2.03517
-0.363217;-2.83731
-0.707647;-1.27297
-1.13204;-0.594853
-0.595831;-1.85128
0.871555;-0.336098
-0.548482;-0.952744
-0.335117;-0.290472
1.01065;-3.21067
-0.09971;-1.70675
-0.225213;-1.05347
-1.01207;-0.526089
0.903693;-0.422609
-0.042873;-2.5488
1.58238;-1.04281
-0.0916626;-1.88658
0.92547;-1.94653
0.300726;-2.36401
0.590642;-0.76492
-0.159722;-1.72787
0.829587;-0.26808
-0.165706;-1.03897
0.543394;-1.17703
0.784609;-0.929343
1.07844;-0.341094
-1.12256;-0.26401
0.594306;-0.825011
0.158185;-2.42066
1.32229;-1.8512
0.190169;-0.73592
0.734328;-1.49018
0.438469;-0.491499
0.552802;-1.82253
-1.56619;-1.47962
0.918966;-0.0350418
-0.566747;-0.81204
0.278191;-1.3763
-0.0560223;-2.74793
-0.243793;-2.49083
-0.53902;-3.07274
0.728796;-0.810545
-0.158624;-2.26598
0.579872;-0.734374
-0.151678;-1.35811
1.3055;-2.52639
0.246635;-0.968726
0.537769;-0.533607
1.16722;-3.41103
0.174521;-1.89307
0.853133;-2.25593
-0.606211;-1.59753
0.45974;-0.404482
-0.661627;-1.24169
-1.02168;-0.479928
0.122138;-2.40265
0.520377;-0.768967
0.797089;-1.24113
0.880629;-0.435569
-0.534798;-1.85972
0.0168474;-0.898872
1.2336;-0.809524
1.0252;-1.38217
0.675133;-0.364673
0.236477;-1.68534
0.538023;-1.07357
1.34794;-0.766877
1.16266;-0.925344
0.469467;-1.85355
0.429622;-2.18624
-0.381534;-0.338334
0.825964;-1.37016
1.28015;-1.05426
0.257579;-2.74077
-0.27439;-0.45564
0.514551;-1.59667
-0.598606;-1.64212
-0.381956;-1.07497
0.332368;-0.788027
0.486151;-1.04477
1.46664;-1.02186
0.310841;-1.71515
-0.977162;-0.178875
-0.562657;-1.61897
-2.01817;-0.865523
0.442343;-0.7272
1.38512;-0.273655
-1.21187;-0.638322
-0.575366;-1.88075
0.784195;-0.449903
-1.04757;-0.801986
0.588591;-1.01233
1.05144;-0.240633
0.670427;-0.828743
1.21076;-1.33787
-1.0999;-1.0748
0.0516806;-1.5208
-0.379381;-2.24647
-0.285277;-0.597535
0.683363;-1.60135
0.0526106;-0.644471
-0.531858;-1.35562
-0.938558;-0.501045
0.122293;-2.37589
1.22786;-1.53438
0.720816;-2.58862
-1.52166;-1.99386
1.20976;-0.556985
0.625826;-0.683388
0.753532;-1.9396
0.932427;-0.511534
0.77737;-0.342263
0.628928;-0.639615
-0.393353;-1.82581
-0.755932;-0.606668
-1.26841;-0.970965
-0.111656;-0.980167
0.565493;-1.13931
0.626377;-0.829522
-0.540233;-1.73168
0.0694953;-2.52319
-0.243815;-2.13714
0.545567;-1.18185
0.273633;-1.36256
1.13231;-1.80005
-0.046221;-0.315539
0.697342;-0.978033
-1.30244;-1.57367
0.376956;-0.936961
-0.22963;-1.76954
0.605741;-1.42113
0.735819;-3.08033
-0.258984;-2.09333
0.95687;-2.67119
0.498229;-1.2596
0.97192;-2.07117
0.759534;-1.87949
-1.63518;-2.41068
-0.956017;-1.45717
0.268917;-2.20845
0.864423;-0.351539
1.11922;-0.0136456
0.989696;-2.59298
0.648613;-2.53904
-0.816772;-2.25264
0.840948;-2.32221
-1.1886;-1.50198
-1.03337;-1.84748
0.0634881;-0.279999
-0.978693;-0.807989
-1.11417;-1.72192
1.23691;-1.07929
-0.492446;-0.984897
1.59302;-0.750023
-0.72671;-1.52448
-0.221131;-2.53497
0.120943;-1.8253
0.963986;-0.599941
-0.39104;-1.66941
0.707451;-1.16729
-0.515453;-0.863512
0.051217;-1.28927
-0.305561;-0.228227
0.898636;-2.25038
-0.240837;-1.51464
0.483692;-2.13317
0.131732;-2.03448
1.10811;-1.17791
-0.710934;-0.669276
-0.321101;-0.220103
-0.695963;-2.05988
-0.546143;-1.27542
0.498126;-2.30144
0.675884;-0.543747
-1.30999;-0.644094
0.716344;-1.58063
-0.997663;-1.84126
0.332739;-1.89861
0.0150963;-0.231994
0.0560249;-1.13538
1.30906;-0.251248
1.20217;-0.910721
-0.534347;-3.18261
-0.964517;-0.377772
0.177119;-0.986827
-0.590806;-0.261822
-0.824411;-1.86318
-0.137789;-1.99838
1.02404;-2.53169
-0.767027;-1.41262
-0.559138;-1.39863
0.410568;-1.70154
-0.13548;-2.05084
0.543544;-1.23798
0.884791;-1.27835
0.322103;-2.02998
0.344151;-1.04177
0.496394;-0.187861
0.800182;-2.23949
0.154434;-0.619956
-1.97597;-0.709176
-0.0158931;-1.65483
0.0533435;-2.43923
-0.410981;-0.366937
0.695306;-1.36265
-0.890598;-1.99805
0.519553;-0.591546
1.25505;-1.22913
-1.81002;-2.15594
-0.0804745;-0.96448
-0.735035;-1.70337
-0.315008;-1.0681
-0.365958;-0.709328
0.735533;-0.376055
1.28414;-1.6091
-0.04414;-1.53646
-1.07509;-1.63189
0.92346;-0.529124
0.34121;-1.91026
0.94608;-0.777841
0.928192;-0.737941
-0.360248;0.0168009
-1.50041;-2.74729
-0.449548;-1.39876
0.596107;-1.57422
-0.510857;-2.78221
-1.18904;-2.48679
0.901634;-1.55458
-0.596193;-0.552975
1.29231;-1.88781
-1.30261;-2.13257
-0.0415999;-1.7197
-0.354746;-0.206571
-0.322376;-1.10408
0.944821;-1.33731
-0.069231;-1.25844
0.797176;-1.23491
0.455964;-2.62721
-0.267988;-1.37489
0.797277;-1.52029
0.212175;-0.878106
0.456315;-0.90012
-0.522544;-1.43818
-0.124714;-2.46324
0.756864;-1.94519
0.265385;-0.49937
0.533529;-0.718229
1.36502;-2.19113
1.16313;-1.02512
1.15364;-0.299007
0.109828;-1.34702
-0.216827;-1.52284
0.404793;-3.45762
1.18679;-1.18143
-0.4483;-2.26185
1.02078;-0.807463
0.0104273;-0.629146
0.679609;-2.2951
1.06637;-1.60658
0.896909;-2.08695
-0.950706;-1.63223
1.18412;-0.222708
0.276473;-0.26875
0.54437;-0.723028
-0.575358;-1.97593
-0.391282;-0.893082
1.12934;-0.942887
0.600314;-2.68313
0.0169763;-1.81438
0.459823;-2.37077
-1.71018;-1.13669
1.03525;-1.78996
0.174995;-1.53838
0.851011;-2.50592
1.54025;-0.640065
-0.220029;-1.22335
-0.488692;-1.48818
1.3931;-0.768325
0.688657;-0.899199
-0.442054;-1.81259
-0.171888;-2.22876
0.137736;-1.61862
-0.0941204;-1.43887
0.928076;-0.921092
0.937763;-1.34556
1.20248;-1.37718
0.968633;-1.3253
-0.173657;-1.68982
-1.43308;-1.19366
1.23765;-1.14755
-0.0406922;-1.73079
0.581892;-2.60665
1.18088;-1.69032
-0.0939645;-1.3472
0.0191709;-1.52943
0.547707;-3.4485
0.64767;-2.3617
0.554661;-2.27877
0.394946;-1.09161
-0.110017;-2.84567
1.00867;-1.87153
0.358454;-1.61441
0.434209;-0.99046
0.62958;-2.68233
-0.898466;-0.809475
0.934445;-1.68936
-0.253472;-1.5433
-0.301297;-0.97393
1.13287;-2.39596
-0.560207;-1.97301
-1.95632;-2.36712
-1.28748;-0.493699
0.83948;-2.03542
-0.553327;-3.60295
-0.404632;-2.00818
-1.33307;-1.15276
0.952598;-1.72545
0.875607;-1.61004
1.15296;-0.414099
0.480419;-1.56262
-0.162636;-0.66867
0.808878;-1.93504
0.911891;-1.15496
0.500374;-1.2814
-0.870513;-1.54191
-0.163172;-0.506058
-0.877503;-1.02657
-1.80855;-1.00994
-0.297455;-2.00709
-1.63612;-0.625977
-0.323065;-2.01085
0.126817;-0.646579
-0.604094;-1.91154
1.18591;-2.20141
-1.54576;-0.333282
-1.00935;-3.16346
0.569799;-1.07411
0.115359;-1.02529
1.24764;-0.635501
-0.150945;-2.32727
0.446861;-1.08523
1.38886;-1.98457
0.304229;-1.40944
1.39368;-1.10106
1.01779;-1.46692
-2.07254;-1.96837
-0.174574;-2.99584
0.545298;-0.703489
-0.871913;-0.492815
0.812999;-1.28818
-0.0191663;-2.41465
-0.23129;-2.93324
-0.70065;-1.34572
0.474056;-1.95567
-0.021021;-0.4292
0.261693;-0.26875
-0.386112;-3.06574
-0.634087;-2.53262
0.433285;-0.720861
0.201432;-0.993007
-0.102777;-2.29509
-0.0873455;-2.48538
0.497146;-0.871464
0.681501;-0.662735
0.306608;-0.652423
-0.250927;-0.699671
-0.462841;-1.56541
0.625652;-1.48161
0.0762131;-1.31538
0.282578;-0.456033
-0.114731;-3.43043
-0.25137;-1.29461
-0.370907;-0.0187017
1.3754;-0.502415
0.176943;-1.03577
-0.937621;-1.4962
-0.294837;-1.25695
0.764243;-1.03282
1.06983;-0.798395
-0.692575;-1.19748
-0.017028;-2.35847
0.777031;-0.553204
0.444133;-2.40956
0.705143;-1.1173
0.919665;-1.31671
1.29498;-1.20031
0.255311;-0.921404
0.55359;-2.15909
0.403402;-0.994312
0.338061;-0.739919
-0.72244;-2.64944
1.3265;-2.0786
-0.0413343;-2.4226
-0.918483;-0.712597
-0.272287;-0.43408
1.26349;-1.56289
0.10093;-1.35899
0.0822692;-0.748508
0.405555;-2.03417
-0.498014;-1.71848
0.185895;-0.864558
-0.229721;-1.01961
0.251726;-0.396341
-0.0895055;-0.478231
-0.658754;-2.58882
1.15021;-0.987746
-0.110762;-3.08255
-0.5243;-0.73182
1.2444;-1.853
-0.111166;-1.47193
-0.912341;-0.298005
-0.106768;-1.17211
-0.370362;-0.574207
-0.637321;-0.372334
-0.357149;-1.64491
0.665363;-0.0837562
0.484559;-0.203663
-0.599138;-1.41209
0.401921;-0.623626
-0.158103;-1.92105
0.699423;-1.37009
-1.08043;-0.942473
0.866278;-1.17089
0.349793;-0.730899
0.500775;-1.3451
-1.55995;-0.933734
0.375168;-1.63191
-0.232339;-0.935693
0.60006;-2.29374
0.430046;-3.03115
-0.397112;-2.73835
-1.7671;-2.37237
0.0628551;-1.15436
1.484;0.0336727
1.03755;-0.290662
-1.04559;-0.667162
-0.39667;-0.795804
-1.02556;-2.68935
-1.22952;-1.60247
-0.0998132;-1.21695
-1.96695;-0.432392
-0.153759;-1.56642
0.701284;-3.55813
0.153257;-0.391443
-1.14993;-3.10007
0.530233;-3.04124
-1.26291;-0.452366
0.625755;-2.15585
0.546293;-2.42519
0.175257;-1.22498
0.671857;-1.31847
-0.583317;-2.9907
-0.612499;-1.69856
-0.0666583;-1.58895
0.751082;-1.27764
0.566743;-0.843606
0.0565782;-3.40357
0.489788;-1.47654
0.224094;-3.33789
0.363004;-1.63185
0.850523;-1.3023
1.32599;-0.97261
0.17555;-1.74176
-0.322256;-2.48587
0.628312;-0.595698
0.631251;-1.32515
-0.618841;-1.8266
1.04788;-0.891913
-0.332114;-0.543543
-1.19921;-1.02258
-0.0920015;-1.25753
-1.12403;-2.69338
-0.171452;-2.95644
-0.0914493;-2.29247
-0.868483;-2.14216
1.54592;-1.78563
1.05272;-0.660262
-0.717794;-0.294474
0.804212;-0.496516
-0.1679;-2.74445
0.991871;-0.514537
0.967192;-0.465058
0.708583;-0.728131
1.37939;-1.85157
0.364516;-1.59778
0.206626;-0.27322
0.341095;0.0203066
0.154615;-2.28641
1.66641;-0.735395
1.04725;-1.15196
-1.48547;-1.28617
0.232439;-2.63234
1.04791;-0.288686
-0.70127;-0.995857
0.0156603;-2.73546
-0.640005;-1.3051
-0.777591;-0.627518
1.03137;-0.787725
0.380813;-0.974174
0.182921;-0.625562
0.576786;-1.79639
0.40388;-2.49605
-0.0946565;-1.34171
-1.11428;-1.52037
0.490839;-2.18585
-0.0369162;-2.08444
0.730787;-1.36343
-0.590446;-0.945826
-0.273439;-0.0836403
0.478361;-1.6029
-0.425828;-1.87878
-0.918095;-1.55969
-1.4242;-0.388314
-1.22606;-2.02857
-0.43278;-0.450923
-0.979805;-1.16561
1.31949;-1.79654
-1.1434;-2.20566
0.669004;-0.762267
-0.959447;-0.232859
-0.451989;-1.69004
-0.0625744;-1.85151
-0.679482;-2.59674
-0.236413;-1.79985
1.55726;-1.87914
1.33079;-1.18884
-0.110509;-0.71481
1.2585;-0.82802
-1.28513;-2.06768
1.20735;-0.325296
-1.1566;-1.05385
0.720211;-0.712775
0.353837;-2.41002
0.459619;-2.64739
0.549901;-1.5532
0.0276219;-2.3913
-1.22321;-1.15235
0.393262;-0.641385
0.600069;-2.64993
0.926902;-1.20239
-0.643621;-2.03362
-0.128894;-3.49977
-0.469366;-1.66521
-0.469371;-0.975932
-0.6603;-0.926524
0.768981;-0.30682
-1.24407;-0.303696
0.493445;-1.27292
-0.707238;-0.477043
0.0181862;-0.707737
1.38811;-2.00183
-0.297388;-0.893493
0.0798039;-1.09954
0.562564;-3.75122
0.594589;-2.28268
0.784187;-0.52925
-0.195515;-1.02873
0.183272;-2.21792
-1.2615;-0.943377
0.41132;-2.43357
-0.124502;-1.58912
-0.297035;-0.97971
-0.588521;-2.42478
1.64608;-0.475394
-0.218244;-3.01696
1.11294;-1.07104
-1.86311;0.00561771
0.382565;-2.65691
-0.115327;-1.91246
0.630505;-2.92359
0.049417;-1.5874
0.693215;-1.40424
1.35486;-0.935218
0.0356447;-1.41191
-0.682829;-3.33141
0.808067;-1.98046
0.620751;-0.765122
0.181247;-1.68309
1.27044;-2.30763
1.0791;-0.391588
0.162345;-2.03257
0.996187;-2.12643
-0.00733809;-1.11431
0.214621;-2.82931
-0.917;-0.797412
0.112798;-1.88673
1.18763;-2.41519
1.13293;-1.24811
0.097931;-0.186673
-0.52346;-1.19692
0.320888;-2.88362
1.08057;-0.615411
0.377883;-1.52882
-0.467577;-1.84285
-0.0490148;-2.7855
0.698211;-2.4214
-0.497645;-1.71943
-0.541152;-0.449033
0.875524;-1.37092
-0.670929;-0.584201
-2.03564;-1.168
-0.267198;-1.44915
-0.0398696;-1.40175
0.346475;-1.3701
-0.0890023;-1.4426
0.394991;0.0104162
-0.382714;-1.52803
1.53286;-0.564329
-0.447796;-2.04402
-0.0167062;-0.980602
0.0267062;-2.86672
-1.12377;-0.407343
-0.685384;-2.09143
-0.8341;-1.68713
0.522124;-2.17778
-0.776253;-1.78566
-0.911091;-1.70397
0.460797;-0.0309872
-1.6987;-1.11041
-0.600942;-0.877778
-1.56012;-2.57096
-1.58422;-2.35584
0.549613;-1.40955
-1.57141;-0.700546
-0.107709;-1.66058
-1.26665;-1.85863
-0.580294;-3.24575
1.03123;-2.03033
-0.90933;-1.42563
-0.403814;-0.938382
0.952863;-0.709173
0.465069;-1.33214
-0.121487;-0.462605
0.764196;-2.31971
0.547955;-2.91152
0.0404726;-2.32167
1.111;-0.217963
0.757543;-1.62862
0.642775;-0.976488
-1.65553;-0.89689
-1.12086;-2.70155
-1.50786;-2.15374
0.599464;-0.531352
-0.873438;-0.693759
-0.126671;-1.24008
-0.0648141;-3.27915
-0.186473;-1.36421
-0.403216;-1.00484
1.32407;-1.75476
-0.41376;-0.531223
-2.0629;0.404463
0.355172;-1.77911
0.460082;-1.27148
0.25881;-1.5576
-0.659528;-1.17759
1.11326;-0.656615
-0.585286;-0.755066
-0.558516;-0.87155
0.956345;-0.890876
0.333149;-1.24467
0.198941;-1.68212
0.33075;-1.09132
-0.617306;-0.772585
1.00171;-0.800909
-1.83238;-0.372041
-1.10293;-2.39335
-1.15494;-3.08375
1.04136;-0.3703
0.0889069;-2.05666
1.02617;-0.807009
-1.40133;-2.68947
-0.260775;-1.64334
-0.0941745;-1.5688
-1.17397;-1.87473
0.548282;-1.85967
1.10542;-1.70572
0.050402;-1.6787
-0.949567;-1.89104
0.41159;-0.123643
0.334009;-1.93988
-0.238165;-1.83811
-1.03701;-1.72524
-0.624842;-2.24848
1.40031;-2.46827
-1.58091;-0.795988
-0.887703;-1.39965
0.643868;-0.0372885
-0.183694;-1.49976
0.350922;-2.07929
-0.83789;-2.69606
-0.191541;-1.10576
0.0516602;-2.71969
0.963767;-0.354762
0.0956683;-0.799259
0.659053;-1.54253
1.06693;-1.01216
-0.646975;-3.38045
0.93058;-1.74651
-1.12958;-0.818709
0.505582;-0.0351727
-1.05866;-1.74902
-0.406393;-1.74895
0.40842;-2.23248
-0.798835;-2.38596
1.37652;-1.10825
1.3122;-1.6509
0.500525;-0.553133
0.891136;-1.44141
-0.439125;-0.880956
0.43632;-0.243022
-0.0481567;-0.576428
-0.923127;-1.98169
0.374287;-2.34867
1.06233;-0.846101
0.32273;-0.63477
-0.232271;-0.0161809
1.45416;-0.59558
-0.0915485;-2.28375
-0.847516;-0.870967
0.0164418;-1.10032
0.0910603;-1.21543
-0.380182;-0.565687
0.735705;-2.78535
0.100733;-2.33967
1.05998;-0.304605
0.65041;-1.09496
-1.75207;-0.781644
0.272275;-2.7271
1.06798;-1.67018
0.464021;-1.22055
-0.586491;-0.172229
0.140277;-1.94451
1.15593;-0.499102
0.788929;-0.22084
0.450015;-2.09809
0.592296;-1.21343
0.727958;-2.15676
1.05303;-2.01351
-1.27026;-1.74876
0.971891;-1.55046
-0.833455;-0.407154
0.174807;-2.2743
0.0315322;-0.836405
-0.583881;-1.502
-0.469329;-0.989278
-0.500267;-1.28519
-0.0907386;-0.970642
1.1489;-0.656708
-1.31945;-1.2319
0.377235;-0.814481
-0.563488;-2.01184
0.644499;-1.17226
-0.860171;-0.939863
0.942014;-0.0839598
-0.949418;-0.503117
0.71865;-0.926552
-0.49017;-1.7385
0.624626;-0.833739
0.400525;-0.0179369
1.25841;-0.231894
-0.538279;-2.99764
-1.46281;-0.154787
0.234843;-1.73044
0.15305;-2.23945
0.78198;-2.55104
-1.18461;-2.27624
-0.513568;-2.42331
-0.405138;-1.6514
0.458557;-1.97198
-0.440034;-1.14809
-0.637951;-1.71613
1.13564;-0.60546
0.634275;-1.67384
-0.542465;-1.38762
0.776868;-2.53561
0.230521;-1.06991
0.779559;-0.851958
0.171627;-0.250273
0.00993665;-1.39962
0.318465;-1.94876
0.318838;-0.484224
0.564654;-1.62582
-0.102903;-0.610608
0.500461;-1.42324
0.0818983;-0.887456
1.43883;-1.2192
-0.613997;-1.6414
0.645396;-1.34355
0.0674385;-2.66728
-0.427369;-1.47855
0.82228;-0.896724
1.04487;-1.44925
-0.214138;-0.322981
-0.328686;-0.230671
-0.553426;-3.50422
0.525577;-2.38781
0.428959;-0.342922
0.0413996;-1.72073
-0.101635;-1.12566
0.223971;-1.66767
-0.335286;-1.51819
-0.923853;-1.25482
1.45486;-0.802046
0.716067;-1.40989
0.599596;-2.32157
-0.567527;-0.892063
0.786641;-0.047483
-0.768356;-1.17756
0.00960063;-1.21787
-0.0176785;-3.12067
-0.250106;-1.21545
0.459429;-2.43226
1.44458;-0.218915
-0.908025;-0.820325
0.561708;-0.255664
0.670788;-1.21373
-0.49711;-0.314974
0.26779;-1.51727
1.09493;-0.724669
0.579217;-2.29392
0.687637;-1.41553
-0.235021;-1.08571
0.323692;-1.74867
0.461972;-1.59139
-0.0431648;-2.87213
0.86446;-0.299997
0.351082;-0.856575
-0.577145;-2.32932
0.935657;-1.17466
-0.330022;-1.32712
0.154559;-0.819649
-1.08729;-1.49218
-0.0230606;-1.07609
-0.896293;-3.4951
-0.941141;-3.18514
0.446364;-0.616409
0.419899;-2.19608
0.737408;-1.50932
-1.23431;-1.4507
0.334099;-1.30251
-0.280983;-2.07554
0.137851;-0.419647
1.06782;-1.46462
0.0928284;-1.1678
1.22194;-1.98507
-0.14099;-2.42209
-0.342219;-0.712224
0.0890908;-2.04302
0.94128;-2.41606
1.21633;-1.41049
-1.87503;-1.34315
0.0741451;-0.800397
0.511412;-2.15165
-1.4881;-0.845711
0.563614;-2.61494
-0.412053;-1.53378
0.264585;-0.890873
1.41379;-0.342654
0.338587;-0.737111
1.14232;-0.308105
1.20496;-2.31129
1.30087;-0.978911
0.226856;-1.55184
0.581889;-0.283736
0.188344;-1.63735
0.472657;-1.35483
0.307985;-0.775596
-1.61309;-1.12522
-0.748059;-2.39243
0.41817;-1.95523
0.0450093;-0.744452
-0.410053;-2.41825
-1.77058;-1.77867
0.910465;-0.765696
-0.290352;-1.52828
-0.836005;-1.66239
0.0297088;-1.89798
-0.536683;-0.933163
-0.75961;-0.649129
-0.333283;-0.193399
0.480887;-2.10003
0.421266;-1.02683
1.0372;-1.33497
1.50876;-1.18923
0.59945;-1.39286
-1.27364;-1.53141
0.691707;-2.17353
0.14801;-1.64162
0.0379855;-1.22966
1.46231;-1.30672
-0.190608;-0.0585214
0.0392418;-0.685172
0.198822;-1.78637
0.816479;-1.29694
-0.43188;-1.87456
0.446995;-0.189531
-0.322101;-0.654456
1.02194;-1.26372
-0.407294;-0.0911516
-0.0556059;-3.5307
1.16987;-2.84701
0.916823;-1.17667
0.746452;-2.46651
0.983459;-1.12132
0.845328;-0.652088
-0.099112;-2.31744
-0.415555;-2.67618
1.19887;-1.37824
-1.14261;-1.15541
-0.0126913;-3.6518
0.637498;-2.03025
0.328514;-0.94849
0.0943988;-3.67907
0.588851;-1.38259
0.515576;-1.13303
-0.201957;-0.523841
-1.47642;-1.85114
-0.981805;-1.17039
1.29646;-1.09899
0.767486;-3.08208
-0.214866;-1.8743
-1.94443;-1.68217
0.543213;-3.28356
0.934567;-0.208316
0.697152;-2.28363
0.806684;-1.21435
-0.597796;-0.521607
-0.401103;-1.20951
-0.0316372;-0.906616
-0.118428;-0.808116
0.708392;-0.553759
0.023487;-1.6004
-0.268139;-1.20442
0.51486;-0.679526
-0.930533;-1.05305
-0.0850752;-2.67269
-0.680436;-1.54396
-0.978422;-0.247492
0.170537;-1.63398
0.88281;-1.33464
-0.240042;-1.37898
0.217289;-0.888297
1.20999;-0.868813
0.0204762;-1.74825
1.04605;-0.69206
-1.03924;-3.10854
0.61998;-0.908813
-0.636142;-1.43496
-0.312212;-1.49456
0.537215;-2.44542
0.675599;-0.716128
0.747267;-1.54762
0.810494;-0.31102
1.01733;-1.07175
0.780179;-0.996531
-1.31204;-1.97917
-1.29186;-2.30651
-1.26511;-1.3784
-0.799685;-1.63875
1.43086;-3.43049
1.21502;-0.465725
-0.224292;-0.279366
1.12224;-2.2733
-0.971372;-0.0767421
-0.0787247;-1.41201
-0.378392;-2.36461
0.417018;-0.62635
0.472161;-1.75838
0.596666;-0.479815
1.37449;-1.07387
0.919101;-1.0429
-0.279226;-2.0392
-0.942426;-2.56536
0.501855;-1.18493
-0.433387;-1.57705
0.500225;-1.72119
0.672418;-1.31658
-0.457313;-1.19663
-0.328242;-2.49783
-0.0789825;-1.85386
-0.932726;-2.3889
0.149677;-0.182073
-1.60157;-1.4245
0.104481;-2.55646
0.676794;-0.238675
-1.18157;-2.25498
-1.49214;-1.69509
-0.255961;-1.69199
-0.177441;-1.0347
-0.168363;-0.965674
0.277954;-2.05691
0.814777;-1.73866
-2.07345;-1.15811
1.42078;-1.0118
0.246198;-1.72211
-0.782437;-0.756219
-0.346541;-2.55748
0.203188;-1.98129
0.928811;-2.80399
1.44115;-1.58389
0.301948;-1.32378
-0.38084;-1.50486
-0.606044;-1.64774
-0.755183;-1.57492
-0.208426;-2.75747
-0.172402;-2.62298
0.633579;-0.497355
-0.147761;-0.319963
0.827484;-0.836118
0.181452;-0.715234
0.204858;-0.951867
0.567961;-1.52989
0.772849;-1.15941
0.115453;-1.35822
-0.418058;-0.922457
0.450443;-1.86085
0.559303;-1.54501
-0.697782;-1.6127
-0.274038;-0.577363
0.334597;-1.50602
-0.0445979;-2.49374
-0.284239;-0.695733
-0.704862;-1.41758
1.22223;-0.525707
-0.180902;-2.86304
-1.13686;-1.552
0.47396;-1.89121
0.558308;-1.91614
0.507477;0.00073436
-0.246871;-1.95122
0.716469;-0.468446
0.377408;-1.83249
-0.932021;-2.28223
-0.932671;-1.29491
1.44458;-0.218915
1.05105;-1.06995
-1.7714;0.0747803
0.613959;-2.756
0.0109791;-2.00883
-0.973174;-1.68782
-0.778609;-0.648285
-0.622054;-1.17587
1.61519;-0.22031
1.12899;-1.00849
-1.10684;-1.65639
0.819212;-1.82933
-2.10228;-1.88155
-0.735366;-1.16577
0.442468;-1.58232
0.721433;-1.24748
0.10885;-0.73638
0.284339;-1.44649
0.615409;-1.28903
-0.0381367;-1.59644
-0.668478;-1.41221
0.383179;-1.22109
-0.00145966;-0.561265
-0.299756;-1.5764
0.206676;-1.86153
0.406391;-0.261324
0.323937;-3.28403
0.935469;-0.779908
-0.712971;-1.48407
-0.270254;-2.11103
-0.510818;-2.15345
-1.4831;-1.30753
0.134392;-2.97605
0.815954;-1.71341
0.606752;-0.396267
0.322041;-1.27008
-0.0056274;-2.16468
0.138275;-2.01354
-0.215758;-3.59953
-0.890276;-1.85458
0.615932;-0.483064
-0.528565;-1.47046
1.26681;-0.353382
0.643316;-0.0118021
-0.968657;-1.61085
-1.8791;-0.588163
0.77479;-0.626969
0.0266451;-1.68889
0.745417;-0.773736
0.674456;-2.38485
-0.0916743;-2.76184
0.640477;-1.18827
-0.22752;-1.963
-0.128008;-1.42769
0.0849649;-1.46998
-1.41026;-1.53674
-0.65312;-1.094
0.713375;-3.17043
-0.299538;-0.667781
0.448927;-0.121599
1.17999;-0.686173
-1.32242;-0.554421
-0.386519;-1.57512
-0.471645;-0.937773
1.26518;-2.14026
0.365365;-2.5091
0.969662;-0.907377
0.677979;-0.10088
0.0613087;-2.5631
-0.449587;-2.00424
1.42698;-1.83255
0.0875229;-1.97946
-0.0278624;-0.670708
1.49135;-1.04925
-0.0386561;-0.39869
-1.48056;-1.59658
1.09422;-1.92347
-0.99965;-1.98006
0.698202;-2.2407
-1.01168;-1.38917
-0.719347;-2.39185
0.0587068;-1.09729
0.515191;-0.462446
0.24842;-0.775698
-0.841298;-1.64928
1.41369;-1.37217
1.40566;-1.54141
0.951319;-0.0819398
1.19455;-1.26538
0.68678;-0.606303
1.0387;-1.88481
-1.48728;-1.03298
0.308865;-2.35514
0.584417;-0.634568
1.05353;-0.55257
0.367809;-1.58524
-0.39527;-0.216929
0.19743;-0.924913
-0.994691;-3.23137
0.880733;-0.742871
-1.89095;-1.67387
0.834767;-0.645727
0.995995;-0.422719
0.202921;-1.61923
-0.503458;-1.60193
0.81642;-1.74816
0.784794;-1.39161
0.349478;-2.94801
0.336109;-0.6427
0.138626;-3.30179
-1.52025;-1.25576
0.647254;-2.20429
0.971922;-0.821261
0.679084;-5.87988e-05
-0.0696802;-1.28189
0.257774;-1.22118
-0.551534;-2.85614
0.91123;-1.72575
0.546256;-0.651724
1.36465;-0.726694
-0.158419;-1.52203
0.431879;-1.97013
0.686883;-1.86764
0.958997;-1.10314
0.463919;-2.5044
0.55537;-0.232422
-1.24615;-2.23172
0.849846;-1.39168
0.10729;-1.73196
-1.10548;-1.58256
-0.63129;-1.11584
0.466128;-3.00799
0.863426;-0.711139
-0.794136;-0.1203
1.11329;-1.80681
-0.0986826;-1.0137
1.57798;-1.2901
-1.23191;-0.689572
0.73667;-0.820645
0.802103;-1.36334
0.427866;-1.40976
-0.626905;-1.29958
0.270274;-2.48606
-1.28718;-0.394463
1.16788;-1.76518
0.700222;-1.60638
-1.59507;-1.41131
-0.260857;-1.39672
0.972084;-0.779477
-0.987323;-3.05832
1.06188;-1.49718
0.569816;-0.616048
0.867533;-2.42908
-0.119678;-1.50112
1.56193;-1.24142
-0.337181;-0.837094
-0.0170791;-2.46684
-0.615224;-2.96567
0.854682;-0.943082
0.714964;-1.19215
1.05981;-0.295289
0.302008;-0.928761
-0.0158087;-2.21042
0.870523;-1.36475
-0.89085;-1.34106
0.881393;-1.56366
-0.271238;-3.3922
0.386445;-0.656259
0.895689;-0.595872
0.866607;-1.22142
-0.106663;-0.7623
0.59757;-1.23093
-0.457476;-1.30187
0.394941;-2.60576
0.712082;-1.52429
-0.525416;-1.46744
0.783136;-0.470759
-0.808261;-1.18914
-0.313671;-1.46197
0.554411;-2.88813
-0.481997;-1.40652
0.262054;-0.300179
-0.631429;-0.305545
0.780166;-2.30023
0.599096;-3.09308
1.06631;-0.833473
0.365285;-1.79821
-0.45212;-1.42734
-0.325979;-1.29833
0.723372;-1.85845
0.840046;-2.21509
0.542517;-2.1186
-0.25931;-3.33254
-0.180042;-0.41082
0.350998;-1.49732
-0.514475;-0.785942
-1.79593;-2.2254
-1.71096;-0.322665
4.509e-05;-0.631683
0.463261;-1.63808
1.3915;-2.00402
-0.529959;-3.08797
-0.277356;-0.899103
-0.134733;-1.90306
-0.802902;-3.28412
0.330906;-1.6059
0.499261;-1.6933
0.79214;-1.42166
0.3673;-0.267553
-0.151848;-2.1742
0.921216;-0.618197
-0.278522;-2.21953
0.125244;-0.629012
-0.302975;-1.81175
0.403557;-2.28963
1.31853;-1.27044
-1.53628;-0.559021
1.17496;-1.62348
1.05219;-0.266991
0.287969;-0.603824
1.16135;-0.0395916
0.959878;-1.77814
-0.286518;-2.11404
-1.02669;-2.64972
1.0662;-1.83894
0.214399;-2.95525
-0.339167;-1.91353
1.22428;-1.39579
-0.795925;-1.92841
-1.82926;-2.24614
0.0693209;-0.0929758
-0.0859644;-2.31147
0.748715;-0.527097
-0.616778;-2.61041
1.14897;-1.59735
-0.902485;-0.749293
-0.766581;-0.792228
1.03123;-0.84539
-0.277154;-0.851327
0.131593;-1.4149
-0.699681;-1.95017
0.0809961;-0.478466
0.552272;-0.695802
-1.70599;-2.90947
1.06064;-1.56588
-0.778133;-0.666195
-1.29009;-1.38312
-0.0235074;-1.43723
0.183892;-2.96509
0.659765;-0.780455
-0.137834;-3.37876
-0.798726;-2.56563
0.732121;-0.552196
-1.18338;-2.28106
1.00548;-0.8405
-0.60518;-2.43979
0.334099;-0.88771
-0.280823;-1.47749
1.20428;-1.48389
-0.0398278;-1.84946
0.568504;-0.497966
0.0886876;-1.60152
-0.796464;-1.78132
0.5099;-3.06356
0.727024;-3.2615
-0.47888;-0.118968
0.371411;-1.75635
0.719542;-2.58719
0.667666;-3.63455
0.395642;-1.65854
0.720966;-0.807213
-0.469107;-0.371714
-0.406029;-1.77976
1.04264;-0.458367
0.149981;-0.540239
-0.308644;-0.471486
0.771581;-0.659479
0.0113569;-3.18668
0.272871;-3.15442
-1.03194;-2.43691
0.0311164;-1.54283
-0.417288;-1.09859
0.740494;-2.88945
0.608745;-1.24112
1.3819;-3.39716
-0.460682;-1.15369
-0.688254;-2.42285
0.873111;-0.714292
0.575667;-1.48914
-0.207367;-2.69231
0.469078;-1.63668
-0.260991;-0.844153
0.742754;-0.882788
-0.230024;-1.30767
1.165;-1.06502
-0.799482;-0.701295
0.686825;-1.47663
1.43549;-1.31788
1.109;-1.89952
0.368797;-1.78637
0.230037;-2.11429
1.45913;-0.980312
0.0459216;-0.737672
0.315125;-1.62738
0.643542;-0.300956
-0.08954;-1.50906
-0.257943;-1.34126
-0.709117;-1.49574
-0.426622;-0.877677
0.520892;-0.992841
0.485939;-0.5506
0.385459;-0.292476
-1.76303;-1.0298
-0.748491;-0.278274
0.459419;-1.05031
-0.794088;-2.13672
-1.11869;-2.6191
-0.674278;-1.35943
-0.795366;-1.53193
1.30095;-1.97705
0.450902;-1.26705
0.710163;-0.542369
0.521488;-0.303679
0.846608;-1.55281
0.336409;-1.5413
0.647468;-1.08113
0.99458;-3.09242
-0.163577;-1.10132
-0.0295108;-0.475139
1.16476;-0.966215
0.461741;-0.874964
1.19441;-3.53728
-1.07375;-0.787678
-0.0177968;-2.52361
0.125406;-0.818551
-0.0276739;-2.43969
0.813882;-2.32372
0.871085;-1.58175
0.533212;-2.81677
-0.750103;-2.27409
0.0629276;-0.94196
1.02244;-2.17675
-0.646099;-2.0422
0.866024;-1.83592
-0.341589;-2.92831
-0.924532;-0.715616
0.337352;-1.18266
-0.731004;-1.40247
0.742243;-2.39387
-0.778419;-0.640133
-0.245135;-1.99375
0.775908;-0.707356
-0.718454;-0.602384
-0.752167;-1.40267
1.34861;-0.972971
0.700822;-2.28513
-0.96426;-3.23574
-0.358684;-0.577266
-0.188645;-1.71706
-0.250278;-3.61447
-0.120405;-1.80581
-0.327078;-2.14651
0.181695;-0.426183
0.536454;-0.735463
1.34368;-0.693261
1.5311;-0.773214
0.603304;-0.442819
-0.353822;-0.952565
1.10148;-1.78076
1.558;-0.854759
0.178763;-1.5739
0.674517;-3.07477
0.409219;-0.271004
0.327492;-0.442638
0.62458;-0.752174
-0.372414;-1.04141
1.01275;-0.918401
0.82635;-2.44198
-0.694434;-1.65673
-0.0396181;-1.18341
-0.761112;-0.613753
0.077924;-1.50103
0.958347;-2.64414
0.174549;-0.979735
-0.209613;-2.15382
0.512388;-2.65052
0.866365;-2.10699
-1.79848;-2.77818
-0.11952;-2.46552
0.590988;-2.55477
1.06638;-2.18622
-0.944628;-2.59669
0.275825;-3.53791
1.05962;-0.316081
1.00001;-0.463809
0.980639;-0.949753
-0.181913;-1.74337
1.3884;-0.792201
-1.49727;-1.11269
0.985575;-1.86642
-0.968638;-0.37295
-0.320656;-1.04842
0.396464;-1.43968
1.08751;-1.08764
-0.699737;-2.99556
-1.01402;-1.63262
0.407031;-2.44046
1.12474;-0.0272641
-0.618326;-0.47303
-1.18986;-1.8537
0.504288;-1.85791
0.125368;-2.1232
0.232961;-0.504495
-0.459401;-2.31101
-1.23936;-2.68174
0.916872;-0.3026
0.320647;-0.469834
0.798576;-0.997886
1.27129;-1.07062
0.286874;-0.864025
-1.44763;-1.47817
0.0826256;-2.07254
1.10975;-1.18655
-0.0585743;-0.780951
1.16198;-1.30597
-1.58758;-0.809962
0.679088;-1.18802
0.445536;-1.81118
-0.348072;-0.740089
0.889787;-1.79699
-0.269832;-0.652188
-0.383812;-2.90171
0.405634;-1.73374
0.541054;-0.96596
0.581365;-0.452822
0.547651;-1.10595
0.405062;-2.31881
-1.51312;-1.78918
0.516825;-1.26049
-0.120251;-1.26318
0.914128;-1.58838
0.484275;-1.38265
1.43274;-3.20376
-0.356055;-0.0765032
-0.674926;-0.2978
-0.329589;-2.21521
1.34579;-0.601265
-0.767953;-1.06839
0.466856;-0.220221
1.44794;-0.614037
1.087;-1.97921
0.337157;-2.32921
1.09974;-0.607216
1.19342;-0.281001
-0.624956;-2.52574
-1.4927;-1.12379
-1.11426;-1.0434
-1.17379;-1.01222
0.982807;-3.17447
0.0865172;-0.0704067
-0.832168;-0.69856
-0.332354;-1.72595
-1.38094;-0.826328
-0.775258;-1.60417
-0.425209;-0.827867
-0.145545;-2.6641
0.100516;-1.15326
0.291158;-1.794
1.2856;-1.17679
0.978813;-2.15347
-0.0474899;-0.295678
1.07729;-2.06146
1.03575;-1.89987
-0.940924;-3.0908
-0.372583;-2.46045
-0.186004;-2.06205
-1.26326;-1.92865
0.653213;-1.18807
-0.85894;-2.11803
0.95192;-1.48853
0.605904;-2.00619
0.477748;-2.32737
0.79357;-0.280834
-1.59349;-1.13523
0.534537;-0.872969
0.9248;-1.06265
-1.88681;-2.06138
0.610249;-0.3591
-0.73239;-0.195008
-0.516332;-0.620528
-0.243751;-0.984059
0.777197;-1.78112
-0.522484;-2.16467
-0.21529;-1.39078
-0.210098;-1.27594
-0.521937;-2.64612
-0.0966616;-1.1132
0.675039;-2.53507
0.272152;-1.47988
-1.87283;-3.03925
-1.39232;-0.221386
-0.675433;-0.653269
1.14126;-1.64984
1.00459;-2.27031
-0.668837;-0.695357
0.578271;-1.91101
0.39585;-0.767113
-0.469008;-0.088207
0.702034;-1.76191
1.2835;-2.58589
-1.69886;-1.18377
0.890565;-0.566323
-1.178;-0.234686
-0.432977;-2.61227
0.357671;-1.39834
-0.79982;-1.45779
-1.60453;-2.97553
0.391229;-2.24681
-0.160092;-0.0603754
0.351353;-0.488453
-0.0673062;-2.02275
-0.953231;-1.04114
1.35691;0.00142699
-0.218896;-1.88028
0.204136;-1.14087
0.33577;-1.19596
0.388894;-1.06404
1.39528;-0.20161
-1.67246;-1.38795
-0.590299;-1.10105
-1.50641;-1.23477
0.996565;-0.89301
0.509652;-2.35801
-0.127505;-1.56738
0.798191;-0.320802
0.260826;-2.74147
-0.557361;-0.508358
-0.606555;-1.7032
0.464918;-0.300563
-0.932689;-2.63405
-0.42202;-1.50215
-0.955049;-1.86043
1.00851;-1.18718
1.04667;-1.2399
-0.627329;-0.659866
0.618397;-2.36466
-0.670062;-1.77112
1.22262;-1.80614
0.664136;-1.2183
-0.418566;-3.07318
-1.21404;-0.895269
0.960809;-1.82738
0.263595;-0.808359
0.0540147;-2.92135
0.874452;-1.81064
0.0122114;-0.495017
0.80174;-0.598081
-0.325737;-1.15211
0.722562;-1.23246
-1.50731;-0.700603
1.12639;-1.52291
0.24995;-0.558829
0.763901;-0.996396
0.422948;-2.03359
0.588871;-1.61739
0.195417;-0.829611
0.779511;-2.38389
0.229068;-1.26893
0.32007;-0.615762
0.217167;-0.665771
-0.527468;-2.2443
0.84327;-1.80106
0.166372;-2.27215
0.589115;-2.05193
-0.0470878;-0.747189
-1.28656;-0.389771
-0.306502;-1.2322
-0.00970387;-1.67674
0.918307;-0.486178
0.258366;-1.28851
-0.291524;-1.19406
0.504571;-1.64179
-0.238639;-2.46567
-0.442927;-3.20912
0.316169;-0.553412
0.351896;-2.63662
0.189802;-1.35378
1.14898;-1.77979
0.635249;-1.69147
0.898361;-1.70358
0.25049;-2.7713
1.41362;-1.33525
0.212053;-2.09283
0.353673;-2.93661
-1.3954;-1.99543
0.542979;-0.268844
0.605049;-1.96969
-0.521101;-3.47905
-1.0422;-1.12232
0.709505;-1.33571
0.936096;-1.61497
0.97278;-2.36039
1.16924;-2.70539
1.28625;-0.859219
-0.98742;-1.32837
1.00826;-2.39484
0.612969;-2.33259
0.577349;-1.36634
-0.252315;-2.87829
1.45628;-1.06434
0.43459;-1.15536
1.25227;-1.26729
-0.723782;-2.388
0.843356;-1.32358
1.56225;-2.13399
-1.06232;-0.666366
1.57005;-0.948776
0.327817;-1.58467
0.369823;-2.099
-0.0416968;0.0385784
0.400445;-1.694
-0.331267;-2.05387
-0.190754;-2.05948
1.18285;-1.13507
-0.365924;-1.1969
0.852528;-2.70723
-1.15906;-1.53692
1.16138;-0.412638
0.167919;-0.528532
-0.391997;-0.46171
1.23689;-0.291125
0.70632;-3.08289
-1.26252;-2.73218
-0.196098;-3.09326
0.535835;-1.08634
0.791863;-1.7977
-0.072929;-2.07294
0.0729038;-1.34774
0.645901;-1.25053
-0.559075;-0.830003
-1.40294;-0.37385
-1.20627;-2.87253
0.268951;-1.36885
0.165592;-1.77752
0.989887;-1.131
0.481516;-1.99123
-0.353779;-0.896315
-0.175154;-2.45576
-0.201693;-1.87664
1.15439;-1.85656
-1.63478;-2.63315
-0.973227;-2.44117
1.12238;-0.905776
0.951871;-2.19803
-0.685674;-1.9059
-0.258471;-0.308467
0.259051;-0.672348
0.49915;-1.23303
1.33062;-0.473386
-0.491062;-1.29581
-0.405945;-0.661865
-0.0884986;-0.589214
-0.0190913;-1.17911
0.750971;-0.361848
-0.94052;-2.01905
0.958987;-1.38358
-1.46677;-2.69162
-0.136958;-3.05886
0.935156;-0.899828
1.11891;-1.48521
-0.170843;-0.797719
0.261726;-2.44697
1.44458;-0.218915
1.1877;-1.89321
1.02784;-0.282315
-0.00938161;-1.40347
-1.51225;-0.854326
-0.0321955;-2.09369
0.189028;-0.21212
-0.19135;-0.360358
0.953868;-0.539694
-0.29924;-2.4799
0.434963;-1.52634
-0.606519;-1.08818
0.658677;-1.48147
-0.958084;-0.551264
-1.16788;-0.66389
1.16007;-1.84736
0.183028;0.00878555
-0.764207;-2.46986
-0.756782;-2.61093
1.09131;-0.232695
0.507813;-1.68003
0.265217;-1.59565
-0.863704;-1.71434
0.340993;-1.80746
-0.428604;-2.57079
-0.395944;-2.69325
-0.109826;-1.31087
-0.358889;-3.07595
-1.63499;-1.04362
-0.877074;-3.05592
-1.16575;-1.5971
0.712023;-0.714418
0.222404;-1.88169
1.14076;-2.11759
1.45912;-3.45632
-0.412809;-2.85639
0.612684;-0.776823
-1.11992;-2.01071
0.961848;-2.32938
0.499929;-1.16078
1.06844;-1.14375
1.4348;-0.962995
1.15049;-3.17238
1.31795;-3.43491
-0.378787;-1.76226
0.723133;-1.6044
-0.9196;-1.84036
0.415492;-1.48768
-0.222205;-1.30837
0.249753;-1.011
-0.64675;-0.448964
0.420208;-0.0424843
-0.277193;-0.412393
1.09091;-0.877953
0.508587;-1.1207
-0.745669;-2.9521
-0.107027;-2.31837
-0.286832;-2.70386
-0.816006;-0.33991
-0.244555;-0.266052
-0.920238;-2.19052
-1.62662;-2.56483
-1.87031;-0.0553642
-0.000684046;-1.26769
0.208238;-1.77226
1.40768;-1.57825
0.928206;-2.32138
1.23751;-0.404962
-0.627639;-2.30927
-0.368887;-2.80237
1.12315;-0.727632
0.349063;-1.66864
0.78701;-0.60065
-1.70678;-0.236563
0.869157;-1.48959
-0.157811;-0.570964
0.639771;-1.27709
0.679725;-3.60237
-0.134691;-0.836948
0.0497339;-1.90117
-0.177297;-3.12165
0.163696;-1.46261
0.412423;-1.19103
0.815819;-0.259456
0.695612;-1.72606
1.30046;-2.60098
-1.41492;-3.05544
0.312786;-1.45255
0.944253;-2.35124
0.963581;-0.985408
0.488826;-1.61445
1.33067;-1.38487
-0.731607;-2.66063
0.0074675;-0.857924
0.538244;-1.04512
-0.996627;-0.944535
-0.239551;-2.96502
1.27552;-0.714893
1.02095;-2.46796
0.249935;0.0699801
0.369485;-1.9223
-1.03482;-1.40333
-1.17644;-1.36158
-0.627586;-2.21121
-1.20415;-0.678895
-1.50218;-1.26422
0.0781687;-0.809019
-1.23572;-0.678273
0.441121;-0.610699
0.963156;-1.44277
1.16958;-1.45799
1.20735;-0.325296
0.539538;-1.86521
0.762953;-1.64812
0.510502;-2.01491
0.92202;-2.52086
0.0450027;-1.06606
0.270665;-0.528457
-0.695534;-1.45649
0.733527;-1.65276
-0.301639;-0.75261
0.0726284;-0.431333
0.256952;-0.66783
0.245114;-1.20944
1.12024;-0.899987
-0.336389;-1.33408
-1.39797;-1.70493
1.48157;-1.52595
-0.206958;-1.17791
-0.275072;-1.72819
-1.2464;-1.76091
-0.0326486;-0.997474
0.662543;-1.95871
-0.289119;-0.714288
0.513686;-1.43179
-1.02446;-1.90403
1.03531;-0.567041
0.134693;-0.529597
-1.56002;-2.15474
-1.01271;-0.427782
-0.80243;-0.820657
0.764;-1.21163
-1.26025;-1.65405
-0.593037;-0.269234
-1.69299;-1.31207
0.777752;-2.32821
-0.531663;-2.84729
-0.16092;-1.72502
0.532372;-2.56277
-0.891824;-0.319083
-0.0234627;-3.64462
-0.670276;-1.41372
0.497776;-0.704777
1.14661;-1.08374
-0.321587;-1.72505
-1.72788;-0.839695
-0.893228;-2.00041
0.594581;-1.46519
-1.0388;-0.388423
0.237642;-1.40892
0.732545;-0.658163
0.944226;-0.925707
-0.983868;-1.21134
0.718243;-1.58305
0.688738;-2.07101
-0.257109;-2.15429
-0.44613;-2.20208
-0.516404;-0.875932
1.111;-0.217963
1.03881;-1.12393
0.285307;-1.54373
0.982315;-1.23611
0.982081;-1.20465
1.55047;-1.03833
0.891547;-1.10741
-1.04815;-1.79666
0.749829;-1.70033
-0.526016;-1.19765
0.390878;-2.44795
0.373896;-1.46658
-0.295096;-2.14803
-0.28996;-2.46654
-0.169225;-2.03899
0.658537;-0.365618
1.39022;-1.58722
0.717917;-2.51893
0.209865;-0.784948
0.849817;-1.2869
0.29557;-1.34248
-0.0550855;-1.15477
-0.987529;-0.677054
1.15004;-0.486227
-1.04853;-0.311372
-1.24981;-1.53101
-0.821013;-1.45773
0.120662;-0.716531
-0.382082;-0.573572
0.743357;-0.288002
0.657609;0.00684271
1.10892;-0.052731
-0.605476;-1.37843
0.530365;-1.87006
1.08061;-1.04668
-0.560264;-2.6641
0.34195;-1.8025
-0.529204;-1.15778
0.293205;-2.14295
-0.00486861;-2.90963
1.3595;-0.710092
-0.996682;-1.54349
-0.495503;-1.7965
0.0666404;-1.74118
0.327915;-0.432465
-0.337915;-1.76941
1.14684;-2.79542
0.270393;-1.12255
0.511112;-2.6916
-0.105428;-2.42942
0.116344;-2.01405
0.843417;-0.979546
-0.502141;-0.850172
1.26961;-2.1719
0.927011;-0.540947
-0.385454;-2.46526
-1.45494;-3.12154
0.422331;-0.327408
1.16401;-2.26677
-0.139872;-1.14688
0.911954;-0.192902
-0.920699;-1.97664
0.119308;-3.00049
0.0841614;0.047931
0.0507265;-2.59842
-0.848889;-2.51702
-1.08246;-3.43927
1.05903;-1.95035
0.336476;-1.00246
0.289014;-1.20263
-0.158311;-2.46638
0.624573;-0.395628
-1.26453;-1.57355
-0.664893;-2.12889
0.894031;-0.463209
1.60009;-0.720158
0.384671;-0.520159
-1.78531;-2.78549
-0.592894;-1.20385
-1.47461;-1.86662
0.326614;-0.886888
-0.283655;-0.657696
-1.50299;-0.640035
-0.580445;-0.109375
1.12221;-2.44489
-1.09214;-0.0859685
0.932784;-2.32294
0.507983;-1.26432
-0.0397463;-1.39636
0.485681;-1.87708
0.270067;-1.70585
0.219061;-1.02458
0.479522;-1.01277
0.47673;-1.72221
1.29904;-3.51418
0.697393;-1.87738
0.8049;-1.12179
1.3847;-1.55249
0.54567;-0.527961
1.25988;-1.74779
-0.297651;-2.18338
-0.569885;-0.846827
-0.777221;-1.02018
0.445779;-0.0242493
0.713784;-0.233284
0.674522;-2.28468
0.62266;-0.655288
-0.744428;-1.18016
0.843062;-1.06946
0.146391;-2.57171
0.473434;-3.35079
1.08796;-0.848308
1.0893;-0.228171
-0.0796812;-2.80909
1.44532;-0.952497
-0.191708;-1.16854
-1.08558;-0.436162
0.193734;-1.93636
-1.7432;-0.691577
0.580154;-1.69675
1.16386;-0.337882
0.337235;-1.41103
0.562585;-0.570707
-0.45967;-3.15759
0.972509;-0.0369569
-1.14526;-2.88048
0.573498;-0.261545
-0.48478;-2.25344
-0.0415811;-0.445272
1.11232;-0.0355176
-0.184286;-1.56051
-0.608792;-1.18722
0.00684835;-1.33995
-0.596541;-1.21431
-0.370883;-1.30542
1.4324;-1.63314
0.419677;-0.289543
0.970158;-1.81271
-0.16065;-1.31781
1.37516;-1.45096
0.593685;-1.51375
-1.88561;-2.39604
0.572633;-2.43592
0.829738;-1.24647
-1.03989;-1.29814
0.387968;-1.6152
-0.176439;-0.464228
-0.810879;-0.0853857
-0.577459;-2.39156
1.26775;-2.00646
0.41502;-1.77683
0.782634;-2.07357
0.300815;-1.76474
-0.0186892;-1.58373
1.2905;-0.288183
-1.35542;-3.0608
0.62384;-1.25944
0.698589;-0.270144
1.14817;-1.4578
0.269504;-1.5417
0.034694;-0.291074
0.463697;-2.06777
-0.92462;-2.57232
-1.03518;-2.22703
-1.23914;-2.78879
0.061637;-1.94822
-0.476138;-0.617582
-0.652846;-2.29467
-0.785886;-0.783854
-0.845966;-2.46051
0.621729;-0.972578
-0.26091;-0.387503
0.168271;-1.11662
0.448546;-1.75782
-0.258656;-0.977739
0.7273;-1.0529
0.015967;-2.10617
1.30515;-0.257009
-0.792196;-1.27244
-0.208911;-0.292631
1.47448;-2.35882
-0.414832;-1.50237
0.0515104;-1.33702
0.0833248;-2.35309
-0.113602;-0.922097
0.884543;-0.560316
0.801752;-1.05679
-0.306757;-1.62126
0.0624791;-1.9935
1.20764;-1.34213
-0.407025;-2.75108
0.282446;-1.34717
-0.632315;-0.785922
-1.16245;-1.05952
0.879169;-0.443918
0.436745;-2.4825
-0.917534;-3.56993
0.838957;-2.71894
0.604641;-1.85991
-0.624377;-2.16207
-0.660815;-3.36184
-0.875697;-1.85093
0.83105;-0.848499
1.02455;-0.69034
-1.29608;-2.05432
0.801246;-1.04093
-0.0483584;-0.847449
0.889989;-0.445385
0.626238;-3.76928
0.398957;-1.60629
0.0714677;-1.38838
-0.414192;-1.29637
-0.0882436;-2.62112
0.253928;-2.1909
1.12951;-1.9292
-0.779981;-0.785177
0.358764;-1.55276
0.99442;-1.11271
0.162484;-2.4413
-0.289707;-1.74541
-0.0643508;-1.35692
-0.475161;-2.6475
-1.8092;-2.31932
-0.701295;-0.658081
1.11156;-0.962515
-0.0881282;-1.43387
0.125617;-1.352
-1.45093;-0.554808
0.0533512;-0.41881
-1.44133;-2.29099
0.790917;-1.96483
0.386383;-0.185603
1.32546;-0.0189542
0.0865914;-1.49148
0.615098;-0.892528
0.75654;-0.190808
0.57564;-0.600263
-0.00500252;-0.429992
0.813147;-3.05203
-0.567398;-1.99674
-1.59378;-0.736857
-0.515151;-1.01672
1.19868;-1.00449
0.770837;-0.768572
0.393627;-1.67983
-0.139246;-1.92176
-0.0969095;-2.89662
0.249781;-1.26034
0.724174;-0.848778
0.741167;-3.5396
0.180764;-0.965434
0.316161;-2.03919
-0.597101;-2.57791
1.2222;-1.83352
-0.38787;-2.4259
0.834311;-1.64952
0.657432;0.00588689
-1.35627;-1.54127
0.776494;-1.96734
0.268578;-1.07014
0.948855;-1.50961
0.55988;-2.85409
1.66809;-1.2274
-1.39766;-0.364522
1.34798;-1.76992
1.13488;-1.67398
-1.20844;-0.645364
0.649645;-1.50248
0.329097;-2.22676
1.66714;-1.22892
-0.075807;-0.390253
0.904514;-1.12808
-0.230954;0.00787954
0.0677667;-2.12587
-0.669272;-1.98421
1.01163;-1.43326
-0.982994;-0.597439
0.744815;-0.420206
-1.3898;-1.77035
-0.0029921;-2.54006
1.49559;-0.508512
-0.481529;-0.675213
-0.880123;-1.93482
-0.363409;-0.872447
0.575203;-1.32856
-0.545758;-1.55769
-0.446596;-1.49965
0.512318;-0.818242
0.632479;-1.29135
0.739214;-0.780798
-0.847602;-1.69155
0.992484;-0.761999
0.221961;-1.34107
0.631298;-1.94797
-0.315247;-1.5627
0.446132;-0.548155
-0.839168;-1.4199
-0.398607;-2.29958
0.619174;-0.411964
1.27938;-1.98923
0.879533;-2.03967
0.115263;-3.48506
0.772339;-0.734464
0.363177;-0.462008
1.22782;-0.934343
0.656258;-0.920957
-0.585915;-1.96822
0.672098;-2.11859
-0.176785;-2.4744
-0.120539;-1.12326
0.0712744;-1.5094
-0.777083;-1.04924
0.365962;-1.88494
-0.0508501;0.00156716
0.415137;-0.693644
-0.180251;-2.30822
0.269747;-1.32075
-0.00114551;-0.292636
0.0755541;-0.666452
1.0757;-2.61049
0.888982;-0.514648
0.043596;-1.03853
0.457002;-1.92428
0.352446;-0.216904
1.01828;-1.52822
-0.829915;-2.02084
0.0348891;-2.46038
1.12212;-1.65134
-0.0184264;-2.03397
0.380926;-2.0171
0.657749;-1.79934
-0.768352;-2.63098
0.0583106;-1.59557
0.299919;-1.40918
1.54569;-0.741113
-1.05942;-2.31679
-0.824512;-2.65114
-0.0204832;-0.993189
0.432292;-0.967857
-0.37166;-1.4015
-1.71025;-1.68035
0.540333;-2.10477
0.948209;-1.61658
1.42034;-0.96582
0.624982;-0.469165
-0.534161;-1.22434
0.493037;-1.47246
-1.25812;-0.683079
0.155228;-1.92987
-1.15784;-1.52273
0.172697;-0.263622
0.276204;-1.87353
-1.14245;-1.44945
-0.0808516;-1.60774
0.277794;-1.33616
-0.337294;-1.23252
0.761203;-1.1678
0.954507;-1.03543
1.13544;-2.00766
0.556265;-1.08787
0.851852;-1.30433
-0.839949;-0.651545
0.185568;-2.48014
0.717642;-1.13516
-0.0848608;-1.22687
-0.932393;-2.05398
0.666439;-3.66834
0.249996;-1.70089
0.29021;-2.11105
-0.40087;-0.73536
0.570223;-0.589642
0.45246;-3.08862
-1.02586;-0.934157
0.793011;-2.02901
0.502769;-1.57481
0.868215;-1.11518
0.420105;-0.114689
0.887789;-3.39129
1.11032;-0.867394
-0.579648;-2.92973
0.315931;-0.918108
-0.38209;-2.62205
-0.283535;-2.81124
0.446136;-1.36883
-0.0566142;-0.865524
0.448286;-0.549062
0.758375;-1.84617
-1.13635;-0.99129
-0.466534;-2.22637
0.202935;-1.64294
-0.133323;-2.41435
0.832847;-1.60741
-0.334489;-1.03871
-0.728038;-1.31048
1.04753;-1.20268
1.0527;-2.19897
-0.00105226;-1.99769
0.732473;-0.321943
0.391679;-1.20532
1.3253;-0.485508
0.442691;-1.97763
0.233886;-1.05707
-0.104268;-1.37361
-0.41369;-1.1731
0.567769;-0.409182
-0.401601;-1.1255
-0.520717;-2.25158
-1.15088;-2.14831
-0.0222091;-2.5376
1.29739;-1.84278
-0.226482;-2.37268
0.0573433;-2.38476
-0.672231;-2.4632
0.679088;-2.32532
0.218554;-1.2127
-0.38938;-2.21772
-0.193646;-1.75008
0.130484;-1.73055
0.17367;-1.16876
0.488163;-0.962357
-0.574569;-0.806651
0.38989;-2.19433
-0.0629869;-1.85562
-1.81647;-1.31976
-0.510785;-0.626716
0.315088;-2.15258
0.641832;-1.51972
0.884237;-0.468981
0.709266;-0.0648845
0.631518;-1.38133
-0.0288139;-2.69899
0.527345;-2.07692
-0.137342;-1.30059
0.512691;-0.400695
-1.19772;-1.07336
0.203819;-0.249405
0.180211;-1.50493
-1.26254;-2.24979
1.40906;-0.328941
-1.4739;-0.939554
-0.226326;-0.789742
0.573858;-0.456323
-0.322393;-2.49615
-0.966222;-3.216
-2.10913;0.511541
-1.36369;-3.26781
-0.938053;-1.40734
-0.457649;-1.45471
1.26521;-3.45476
-0.162186;-1.47538
-0.843998;-0.44325
0.700161;-0.985941
-0.121002;-1.54701
0.659001;-2.33279
-0.0181354;-0.724909
0.450355;-1.90183
0.276602;-0.00510525
0.332388;-1.11803
0.995086;-1.38937
-1.71747;-0.316877
-0.444653;-0.197696
-0.139605;-2.38673
1.32217;-1.98119
-1.12664;-0.749749
0.72433;-0.315977
-0.374205;-1.83251
-0.209813;-0.825446
0.115432;-2.02759
0.296033;-0.421376
1.45461;-0.0562815
-0.836622;-0.698245
0.48872;-1.05853
0.810513;-0.496518
0.850701;-2.51132
0.717511;-1.092
0.367228;-0.27577
-1.74805;-1.3065
0.853083;-0.277831
-1.03105;-1.31321
-0.841561;-2.77762
-0.132821;-2.0074
1.62934;-1.85739
1.39273;-0.392161
-2.00076;-2.00951
0.0641754;-1.93377
0.132166;-0.853517
-0.469254;-2.51087
0.710265;-1.07326
0.0465355;-0.842102
0.889557;-0.124365
0.735544;-1.64309
0.112411;-1.4716
-0.727699;-0.238943
0.570982;-0.294959
0.919932;-1.14246
-0.277349;-1.41562
-0.968123;-2.14715
0.437735;-1.41716
-0.319559;-1.20039
0.192111;-0.483235
-0.336473;-3.15564
0.0508986;-1.55584
-1.23648;-2.73063
0.640114;-0.88914
1.06267;-2.10245
-0.891017;-0.577679
1.88937;-3.73201
0.822669;-1.12408
0.403313;-1.22991
0.433598;-2.39526
-0.670336;-1.18844
0.180493;-0.722171
-0.147685;-1.99501
-1.05591;-1.11676
0.351077;-0.692864
-1.03904;-2.2342
0.150159;-0.525239
0.994772;-2.01931
-1.18666;-1.91197
0.558962;-1.22452
-0.787512;-1.24424
1.23899;-1.22225
-0.332371;-2.16985
1.15296;-0.414099
-0.438329;-0.76892
-0.0245088;-2.13029
0.0369174;-0.780302
-1.67675;-3.09789
0.00367068;-2.30289
1.19635;-0.0572891
1.24318;-0.570949
0.573507;-0.659473
0.462646;-0.907326
-1.12529;-1.29398
-0.185205;-2.31082
-0.595021;-2.58203
-0.0923711;-1.36845
1.49014;-0.699834
0.621915;-0.194427
0.36705;-0.352708
0.340466;-1.23438
0.454548;-1.71679
-0.166275;-0.407435
1.41223;-0.281143
-1.99475;-1.98426
-0.100951;-1.25099
-0.535711;-1.2551
0.387555;-0.812837
-1.07061;-2.05026
0.869912;-1.91353
1.00464;-1.00938
-0.967397;-0.824971
-1.40686;-3.20092
1.14067;-0.601424
0.934616;-1.17092
1.51165;-0.835537
0.304298;-0.197367
-0.137725;-1.08437
0.662295;-2.0959
-0.0533035;-3.14713
0.0290909;-1.76274
-0.0841617;-0.554959
0.321113;-1.04059
0.732463;-1.56413
-0.479892;-2.22841
0.80761;-1.48701
-0.190809;-1.26244
0.887751;0.0111447
0.55997;-2.1198
1.00675;-0.870221
0.468686;-1.92887
1.54089;-0.744561
1.21971;-1.65241
-0.253693;-0.566692
-1.7748;-0.583313
-0.960137;-2.62096
0.307003;-1.5061
-1.37827;-1.04903
0.529643;-1.34569
0.111473;-0.303053
0.414748;-0.252756
-0.627262;-1.27804
-0.48449;-0.812242
-1.49262;-0.908317
0.0431183;-2.70458
-0.336141;-2.39531
1.04164;-0.962653
-0.0179302;-1.49739
-0.69478;-0.484946
0.640512;-2.06274
-0.535205;-1.2722
-0.914704;-1.74921
0.0678297;-1.59703
-0.724632;-0.0927285
-0.2886;-1.05818
-0.22626;-2.90162
0.447262;-1.79396
1.40739;-0.528318
1.12264;-1.12613
0.536609;-2.91958
-0.456477;-3.16969
1.34722;-0.548866
0.634681;-1.55676
-0.221067;-0.31552
-0.430732;-2.33204
-0.273166;-1.34604
0.136168;-1.80211
0.420889;-0.952135
-0.897843;-1.10312
0.360137;-1.65009
1.64918;-3.60276
-1.20442;-2.89379
0.79118;-1.9764
0.404869;-1.10885
-0.334389;-0.653416
0.724115;-2.02967
0.563515;-0.467409
-0.122955;-0.946088
-0.258464;-1.19687
0.655277;-1.85912
-0.477012;-1.50729
-1.44259;-2.35334
-0.000670295;-1.29755
-0.149753;-1.93984
-1.6097;-1.28512
0.926455;-1.68207
0.190752;-1.0693
-0.411669;-2.84557
0.288398;-1.7431
-0.0426268;-2.25112
-0.148012;-0.810773
0.168796;-1.14189
0.778013;-3.21195
-0.166542;-0.766177
0.700935;-0.283264
0.901514;-2.3351
1.08342;-0.796935
0.410812;-1.34132
0.627682;-2.54012
0.722802;-1.62423
-0.684156;-3.44233
0.424298;-1.2415
1.52201;-0.00245379
0.630746;-0.716927
0.948885;-2.66481
-0.108502;-3.45805
0.274353;-0.584754
0.0794389;-0.552216
1.38078;-0.905891
-0.216091;-0.241806
0.307807;-0.873617
-1.12118;-0.913613
0.38808;-0.492694
-0.626999;-2.45563
-1.3305;-3.03445
0.326977;-2.08474
-1.17501;-1.07523
0.0847551;-0.241659
-0.165792;-1.94585
0.559384;-0.909915
1.33088;-1.66924
1.20631;-1.02448
0.408648;-2.02241
0.743617;-2.78473
-0.525562;-0.419911
0.977769;-1.56323
0.0437696;-1.18338
1.29261;-0.602748
1.0164;-0.835952
-0.107244;-0.936961
0.442492;-2.87605
-0.125334;-1.13622
-0.110587;-1.12085
1.18725;-0.917427
-1.35409;-1.31172
0.209959;-3.38296
0.566969;-0.980742
-1.12507;-1.32063
1.41379;-0.342654
-0.534609;-1.71749
0.952576;-0.820175
1.0464;-1.35688
-0.699226;-0.873035
0.940673;-1.26162
-0.972058;-1.24693
1.07361;-0.362991
1.05545;-0.481077
0.232692;-2.31767
1.41993;-0.343531
-1.4269;-0.101468
-1.77334;-1.43715
-0.423616;-2.42029
-1.05393;-0.314402
1.30647;-0.95141
0.158461;-0.429558
0.56083;-2.31398
0.991558;-1.95408
0.536816;-0.965153
1.51811;-2.44176
-0.119694;-2.50918
-0.852828;-3.48083
1.05274;-0.807226
1.15857;-0.360555
-0.0505531;-0.446108
0.0311749;-2.37824
-0.648781;-0.411126
0.835798;-0.0369659
-0.216521;-3.56056
0.247369;-1.78438
0.106154;-0.802917
0.963511;-2.07799
0.328851;-1.25467
0.627784;-0.297721
0.754607;-1.329
-0.377946;-1.57926
-0.471498;-2.55075
-0.752875;-1.02852
0.767427;-0.291673
0.749607;-3.06642
0.868814;-0.543136
0.451396;-2.00389
-0.193792;-1.3258
-1.42085;-1.22385
-0.719378;-1.83059
0.205839;-2.21209
0.74636;-1.02777
0.0482199;-1.41631
0.0531815;-1.13569
0.448685;-0.579022
0.807925;-1.78083
0.991374;-0.0606212
-0.478455;-1.40086
-0.0900281;-2.52879
0.856346;-1.17838
0.552003;-1.09235
-0.0197913;-1.67902
0.456086;-2.88918
1.10197;-1.42948
-1.33123;-1.75684
0.135205;-3.0186
-0.659291;-0.668135
0.216259;-1.4917
-0.716579;-0.442007
0.289396;-1.14334
-0.985497;-1.43848
0.389907;-2.67735
0.0421268;-0.942561
-1.06378;-0.239103
0.578113;-0.848589
0.609092;-1.55309
-0.0998042;-2.10926
0.181026;-0.485811
-0.476289;-2.53644
1.47662;-0.289468
0.0989125;-2.32391
0.0898068;-1.80039
-0.846854;-1.48262
-0.716162;-1.04967
0.867366;-1.43179
0.486044;-2.22529
0.0376714;-1.2629
0.654365;-1.0727
-1.17275;-0.790405
0.665651;-1.66192
-0.110312;-2.25435
0.457885;-0.791644
-0.229177;-2.21336
1.16083;-1.75916
0.915788;-1.90851
-0.113157;-1.44446
-0.20751;-2.04107
-1.621;-0.351321
0.124555;-1.00733
0.896928;-3.26581
0.845359;-1.17896
-0.146512;-1.54767
0.59719;-1.77465
0.167688;-1.22002
0.0642048;-2.15142
0.522392;-2.2938
-0.983139;-1.8186
-0.0615914;-3.56731
-1.43243;-2.84543
-0.331716;-1.28891
-0.29773;-0.600589
-0.34015;-1.10007
0.48595;-0.194204
-0.535015;-2.21475
0.183818;-2.27356
0.181295;-2.42918
0.276452;-2.49686
1.32656;-2.0604
0.308226;-2.0085
0.179545;-1.09626
0.670342;-2.26619
0.295571;-1.13242
0.392911;-1.51313
-0.293554;-1.11177
0.0461388;-0.170122
-1.21461;-0.461477
-0.319113;-2.27641
-1.36504;-0.924036
0.688373;-1.63205
0.912296;-1.72554
-0.514618;-2.24156
-1.49053;-1.04902
1.44265;-0.949163
0.687932;-1.57563
-1.72015;-2.21172
0.717183;-0.274799
-0.433725;-2.14524
-0.24171;-1.20964
0.899818;-1.74497
0.715987;-0.281652
0.789727;-1.89282
0.929499;-0.836708
0.822463;-0.247523
-0.400558;-0.221449
1.15727;-1.42722
-1.04228;-2.76196
-0.0942386;-1.63207
1.08432;-0.751792
0.214993;-1.30161
-0.896378;-1.55784
0.0872516;-0.345283
0.185592;-2.46445
-0.416358;-1.56007
0.322244;-0.394992
0.935703;-1.62078
0.741392;-1.07629
1.47197;-1.62811
-0.242191;-0.332891
-0.138484;-0.508559
0.398951;-1.18744
-0.0212251;-0.107736
0.00318508;-1.92243
-0.3478;-0.876112
0.916925;-1.56813
1.02166;-1.57704
1.05349;-0.599004
1.11753;-1.75802
0.785635;-1.26153
0.652462;-0.499816
0.0734523;-1.00144
0.0742729;-0.671246
-0.949245;-0.266792
-0.154615;-2.33016
-0.408482;-1.48202
-0.897274;-0.246939
-0.0145386;-0.714461
-0.123001;-2.96117
0.86562;-2.32902
-0.701653;-0.809091
0.864672;-1.34585
-0.38375;-1.79927
-0.990623;-0.35823
-0.216659;-2.77675
0.0922271;-0.278065
1.19035;-1.3199
0.611958;-1.81516
0.0365913;-0.750102
-1.11112;-3.55995
1.05976;-1.62808
1.12842;-0.484122
-0.182493;-1.07531
0.905133;-0.705835
-0.248778;-2.48607
1.12535;-2.75789
0.521383;-0.286808
1.2937;-0.0496327
-0.676065;-3.19593
1.29211;-1.2525
0.997173;-1.91196
0.133242;-1.70817
-1.28966;-0.951306
0.654199;-1.13785
1.09316;-0.0605784
1.09223;-2.31632
0.883551;-0.512411
0.158791;-1.88011
0.641438;-1.92043
-1.95563;-2.25553
-1.04401;-1.10378
-0.262033;-2.82672
-0.0240352;-2.14622
1.05398;-3.24963
0.647173;-0.264598
1.36451;-1.28072
0.112957;-0.576894
0.854151;-1.30084
-1.67575;-2.60429
-0.38651;-1.27135
-0.0901762;-1.84762
0.306228;-0.542858
-0.292566;-1.26179
0.748728;-0.808317
0.0289423;-0.188653
1.14396;-1.06736
-0.336264;-0.666947
0.649823;-1.25301
0.680581;-1.1373
0.146355;-2.4977
1.24099;-3.11232
-0.25542;-0.861048
0.561251;-0.919604
0.238487;-0.223355
-1.51819;-1.76869
0.472759;-0.986803
-0.498555;-2.61013
-0.564792;-0.326553
-0.158565;-1.2653
-0.537534;-2.65231
-0.114777;-0.531352
-1.11726;-1.94666
0.298749;-0.734731
-0.784122;-2.12706
-0.228535;-2.25587
-1.85113;-2.20714
1.10342;-0.953219
1.52128;-1.48619
-0.662514;-0.530343
0.477057;-3.63864
-1.02136;-1.87317
-2.09281;0.272037
0.1455;-0.82251
0.583577;-1.21235
-0.698755;-1.78029
0.916409;-2.15603
0.461903;-0.260941
-0.599986;-0.80083
1.20129;-1.14481
1.35595;-1.13893
1.06153;-0.986346
0.633784;-0.0542842
-1.19614;-2.2282
-0.00979565;-2.03598
-1.09067;-1.13967
-1.04107;-2.19198
-0.281034;-0.48195
-0.850378;-1.03682
-0.821626;-0.711858
0.0859517;-2.19634
1.18005;-1.15022
1.27329;-1.63634
